// Code generated by vfsgen; DO NOT EDIT.

//go:build release

package data

import (
	"bytes"
	"compress/gzip"
	"fmt"
	"io"
	"net/http"
	"os"
	pathpkg "path"
	"time"
)

// Assets statically implements the virtual filesystem provided to vfsgen.
var Assets = func() http.FileSystem {
	fs := vfsgen۰FS{
		"/": &vfsgen۰DirInfo{
			name:    "/",
			modTime: time.Date(2025, 12, 10, 11, 12, 58, 290511333, time.UTC),
		},
		"/bootconfig": &vfsgen۰DirInfo{
			name:    "bootconfig",
			modTime: time.Date(2025, 12, 10, 11, 12, 27, 485831131, time.UTC),
		},
		"/bootconfig/files": &vfsgen۰DirInfo{
			name:    "files",
			modTime: time.Date(2025, 12, 10, 11, 12, 27, 485831131, time.UTC),
		},
		"/bootconfig/files/etc": &vfsgen۰DirInfo{
			name:    "etc",
			modTime: time.Date(2025, 12, 10, 11, 12, 27, 485831131, time.UTC),
		},
		"/bootconfig/files/etc/docker": &vfsgen۰DirInfo{
			name:    "docker",
			modTime: time.Date(2025, 12, 10, 11, 12, 27, 485831131, time.UTC),
		},
		"/bootconfig/files/etc/docker/daemon.json.template": &vfsgen۰CompressedFileInfo{
			name:             "daemon.json.template",
			modTime:          time.Date(2025, 12, 10, 11, 12, 27, 485831131, time.UTC),
			uncompressedSize: 171,

			compressedContent: []byte("\x1f\x8b\x08\x00\x00\x00\x00\x00\x02\xff\x5c\xcb\xb1\x0a\xc2\x30\x10\x80\xe1\xbd\x4f\x11\x6e\x6e\x52\x5c\x0b\x3e\x82\x8b\xab\x74\x90\xe4\xac\x87\xb4\x09\x97\xb3\x58\x8e\x7b\x77\x29\x95\x0e\xce\xff\xff\x69\xe3\x1c\xe0\x07\xa3\xcf\x45\x2a\xf4\xee\x06\xf3\x5d\x68\xc1\x10\x47\xce\xef\x92\x98\x16\xe4\x73\x5d\xab\xe0\x94\x60\x68\xb7\x9f\x71\xa4\x2a\xbc\xfa\x89\x98\x33\xef\xec\x29\x52\x6a\xdf\x75\x47\x3c\x85\x94\xe3\x0b\x39\x50\x06\x55\x7a\xb8\x70\xfd\xa5\xcb\xce\x9c\x37\x6b\x0f\xa7\xfa\xdf\xcd\x40\x15\xe7\xb4\x7d\x43\x63\xdf\x00\x00\x00\xff\xff\xe7\x13\xeb\x18\xab\x00\x00\x00"),
		},
		"/bootconfig/files/etc/hosts.template": &vfsgen۰CompressedFileInfo{
			name:             "hosts.template",
			modTime:          time.Date(2025, 12, 10, 11, 12, 27, 485831131, time.UTC),
			uncompressedSize: 167,

			compressedContent: []byte("\x1f\x8b\x08\x00\x00\x00\x00\x00\x02\xff\x32\x34\x32\xd7\x33\xd0\x33\xd0\x33\x54\x50\x50\xc8\xc9\x4f\x4e\xcc\xc9\xc8\x2f\x2e\x41\xb0\xf4\xc0\xac\x94\xfc\xdc\xc4\xcc\x3c\x84\xa8\x09\x12\x13\x59\x85\x09\x97\x95\x15\xc8\x20\x08\x20\xda\x38\x33\x24\x26\xb2\x0a\x33\xae\xea\x6a\x3d\x8f\xe2\xcc\x82\xda\x5a\x40\x00\x00\x00\xff\xff\x0b\x57\x23\x96\xa7\x00\x00\x00"),
		},
		"/bootconfig/files/etc/isulad": &vfsgen۰DirInfo{
			name:    "isulad",
			modTime: time.Date(2025, 12, 10, 11, 12, 27, 485831131, time.UTC),
		},
		"/bootconfig/files/etc/isulad/daemon.json.template": &vfsgen۰CompressedFileInfo{
			name:             "daemon.json.template",
			modTime:          time.Date(2025, 12, 10, 11, 12, 27, 485831131, time.UTC),
			uncompressedSize: 1124,

			compressedContent: []byte("\x1f\x8b\x08\x00\x00\x00\x00\x00\x02\xff\x7c\x54\x3d\xcf\xd3\x30\x10\xde\xfb\x2b\xa2\xcc\x38\x29\x45\x62\xa8\xc4\x82\xc4\x80\x18\x40\x5d\x11\x7a\xe5\xda\x97\xf4\x88\xe3\xb3\xce\x76\x78\x43\x95\xff\x8e\xec\x26\x69\x1b\x10\x5b\x75\xcf\x47\x9f\xfb\x88\xaf\xbb\xa2\x28\x8a\xb2\x65\x8a\xae\x3c\x16\x25\xfa\x68\x64\xf9\xe6\x56\xd5\xd0\xc8\x68\x82\xe0\x68\x03\xf6\x90\x70\xa3\x78\x41\x5b\x96\xee\x92\x6a\xf5\x20\xb9\x36\x78\xae\xb3\x58\x2f\xb8\x0f\x32\xc0\x8a\x73\xb4\x1b\x1c\x6c\x8b\x76\x6b\x6a\xa8\x15\x06\x06\x30\xa9\xfe\xe9\x74\xfa\x7a\x5a\x10\x87\xba\x41\xf3\x2f\xc3\xca\xa1\x7e\xd4\x93\x0b\xbe\x3c\x16\xb7\xd6\xd6\x6a\x12\x8b\x9e\x74\x76\xd8\xbf\xdf\xef\x67\xc9\x4a\x70\x32\xfc\xa7\x9d\x4c\xeb\xe5\xab\x58\x42\xbc\xdd\x02\x1e\x7f\x67\xe0\xdd\xfe\xcb\xc7\x32\x43\xd3\x43\x28\xcd\x38\x00\x27\xdc\x07\x4d\x31\x2c\x81\x15\xd9\x20\xd1\x02\x0b\x43\xed\x73\xea\xbb\xe4\xa7\x27\x7b\xfb\xe3\x27\xdf\x0b\x51\x27\xbc\x03\x95\x63\x43\x50\xf5\xbc\xb1\x39\x7a\x9d\x08\x7e\x29\x56\xc9\xe5\x61\x39\x1c\x44\xda\x6a\xca\x72\x2c\xca\x43\x7f\x87\x88\x65\x0b\x0f\x89\x69\x00\x36\x72\x3c\x6c\x19\xf3\xa0\xbf\xdf\x23\x2f\xcc\x2a\xfd\x60\xd4\xf0\xd2\x01\x5b\x30\x2f\xea\x02\xaa\xfb\x10\x38\xce\x2d\xfc\x98\xad\x18\x5a\xf4\x81\x47\xd1\x23\x33\xf1\xc6\x4e\x93\xea\x80\x2b\xa4\x67\x11\x5a\x0f\x2a\x32\x88\x59\x8d\xb0\xd1\x5d\xaf\xd5\xe7\x5e\xb6\x70\x9a\xdd\xa7\xe9\xd9\xc0\x91\x16\x5e\x5a\x7d\xa6\x57\x81\x89\x98\xba\xfc\x5b\x54\x5f\xaf\xd5\x37\x19\x3d\xe4\xfa\x34\x2d\xfd\x5b\x19\x70\x80\x2a\xf6\xd2\x77\x79\xa3\x39\xcd\x8a\x42\xf8\x45\xdc\x09\x67\x62\x8b\x36\xe1\xca\xe2\xba\x6e\x8b\xe2\x8c\x56\x68\xcc\x93\xad\xc9\x85\x5a\x59\xac\xcf\x68\x1f\x29\x8a\x6c\xb3\x72\xd2\x62\x13\xc7\x42\xa8\xd6\x43\xcf\xb1\x85\x91\x23\xb0\xc8\xc3\x2d\x8f\x45\x23\x8d\x87\x19\x8f\x1e\x84\x06\xc5\xa3\x0b\xa0\x45\x07\x63\x79\x2c\xd2\xf8\xb7\x23\xf4\x1d\x3a\x31\x00\x63\x33\x0a\xb0\x0d\xb1\x82\x8d\x93\x62\x5c\x5e\x80\xcd\x67\xd5\xc9\x20\xf3\xa3\x41\xd5\x7a\xc6\xba\x4a\xd5\x6a\x38\xcc\xa7\xba\x9b\x76\x7f\x02\x00\x00\xff\xff\x68\x18\xbf\x42\x64\x04\x00\x00"),
		},
		"/bootconfig/files/etc/nkdfiles": &vfsgen۰DirInfo{
			name:    "nkdfiles",
			modTime: time.Date(2025, 12, 10, 11, 12, 58, 290511333, time.UTC),
		},
		"/bootconfig/files/etc/nkdfiles/init-config.yaml.template": &vfsgen۰CompressedFileInfo{
			name:             "init-config.yaml.template",
			modTime:          time.Date(2025, 12, 10, 11, 12, 27, 485831131, time.UTC),
			uncompressedSize: 849,

			compressedContent: []byte("\x1f\x8b\x08\x00\x00\x00\x00\x00\x02\xff\xac\x51\x41\x8f\x9b\x3c\x10\xbd\xf3\x2b\x2c\xee\xc0\xea\xd3\x77\xa8\x7c\x8b\xd2\x3d\x44\xdb\xae\xa2\xa4\xed\xdd\x81\x89\x77\x84\x99\x41\xe3\x21\xcd\x0a\xf1\xdf\x2b\x03\xc9\x6e\x8e\x95\x7a\x02\x3f\xbf\x37\xf3\xde\xb3\xeb\xf1\x17\x48\x44\x26\x6b\xda\xe1\x04\xae\xe9\xca\xf6\x4b\x2c\x91\xab\x71\x2c\x5f\x16\x64\x73\x27\x4d\x53\x76\x62\xd6\xa8\xe2\xfa\x1f\xdc\x02\x45\x9b\x15\xc6\x0b\x0f\x7d\xb4\x99\x31\x85\x89\xef\x51\xa1\xb3\x77\x56\x0f\x12\xed\x3a\xd9\x36\x70\x76\x43\xd0\x82\xb8\x81\x42\x93\x3e\x33\x66\xfe\x5a\x33\x8e\xe5\x3c\x71\x9a\x12\xa6\xc1\x9a\xff\xfe\x7f\x7b\xea\x9e\x62\x66\xcc\x10\x9d\x87\xdb\x02\xf4\x84\xe4\xe7\x7f\x37\xe8\x1b\x90\x62\xed\x14\x99\xb2\x16\xa9\xb1\x66\x47\xa8\x5b\xa6\x33\xfa\x41\x16\x3c\xad\x3b\x80\xc7\x64\x28\x01\x69\x50\x2d\x78\xe4\xba\x05\x9d\x37\x6f\x6f\xa7\x79\x3b\xb9\x0e\x66\xf8\x95\x1b\x78\x75\x1d\xcc\x68\x0a\x11\x40\x9f\xaf\x2a\x6e\x23\x7e\xb6\x63\xcc\x85\xc3\xd0\x41\xd1\x87\xc1\x23\x15\x0d\x8a\x35\x79\xc5\xbd\x56\x01\x4f\x70\x85\xba\x4a\x32\x21\x50\x88\xd5\x3a\x61\x25\xc7\x6a\xd1\x56\x33\x2d\xcf\x6a\x10\xc5\x73\xca\x02\x2f\xf0\xbe\xd8\x7a\x80\xa6\x29\x2b\x8a\x22\xfb\xfb\x27\x5b\x7a\xd9\x86\x21\x2a\xc8\x63\x35\x35\x93\x0a\x87\x00\xf2\xdd\x91\xf3\x20\x29\x15\x3c\x46\x3c\x07\xb8\x16\xff\x2e\xe7\x07\xf1\x1e\x63\xf5\xfd\xe1\x18\x3b\xe7\xe1\x00\x3d\x47\x54\x96\xa5\x8c\xdd\x82\xcd\xcf\x98\xba\x58\xad\xef\x83\x23\x78\xa6\xa6\x67\x24\xb5\x26\x1f\xc7\x72\xb3\xdf\x1d\x41\x2e\x20\x3f\x0f\xdf\xa6\x29\xcf\x08\xf4\x37\x4b\x8b\xe4\x53\xa0\x08\x72\xc1\x1a\x8e\xc3\x89\x60\x15\x1c\x3f\x43\x49\x61\x4c\xcf\xcd\x67\xc6\xfe\x76\x5c\x6e\x1b\x8a\x5f\xb9\x73\x48\xd6\xe4\xf5\xd2\x6b\x19\xb8\x76\x21\xff\x13\x00\x00\xff\xff\x05\xcc\x21\x0f\x51\x03\x00\x00"),
		},
		"/bootconfig/files/etc/nkdfiles/node-pivot.sh.template": &vfsgen۰CompressedFileInfo{
			name:             "node-pivot.sh.template",
			modTime:          time.Date(2025, 12, 10, 11, 12, 58, 290511333, time.UTC),
			uncompressedSize: 13430,

			compressedContent: []byte("\x1f\x8b\x08\x00\x00\x00\x00\x00\x02\xff\xbc\x3b\x5d\x53\xdc\xb8\x96\xef\xfe\x15\x67\x4c\x6f\xa0\x99\xb1\x3b\xd9\xda\xda\x07\x6e\x3a\xb3\x55\x84\xdc\x65\xef\xdc\x84\x82\xe4\x89\x26\x5d\xc2\x3e\xee\xd6\xe0\x96\x1c\x49\x6e\x60\x09\xff\x7d\x4b\x92\x65\xcb\x5f\xdd\x30\xb5\x75\x79\x48\xb0\x74\xbe\x74\x74\xbe\x24\x1d\x0e\x7e\x99\xdd\x52\x36\xbb\x25\x72\x1d\x04\xf8\x80\x09\x7c\xf8\x00\xb3\x2d\x11\xb3\x9c\xaf\x66\xec\x2e\x5d\x32\x9e\xe2\xb2\xa0\x5b\xae\xe2\x9c\xaf\xe0\xdf\x3f\xbc\x79\x17\x04\x07\xf0\x15\x37\x45\x4e\x14\xc2\x96\x08\x4a\x6e\x73\x94\xc1\x9a\xf3\xbb\x65\x46\x73\x94\xcb\x82\xa8\xf5\x3c\x7c\x7a\x8a\xff\x9b\xf3\xbb\x4f\x7a\xe8\x82\xa8\xf5\xf3\x73\x18\x88\x92\x29\xba\x41\x33\x79\x69\x7f\xd7\xc3\x74\x43\x56\xb8\x14\xb8\xa2\x52\x89\x47\x33\x7b\xae\x87\x2e\xab\x11\x0d\x53\x90\x52\xe2\xd2\x40\x1a\x80\x0b\xfd\x6d\xa0\x0c\x61\xcc\x91\xb8\xf9\x65\x29\x72\xcb\xc2\x8e\x1a\xa8\x6f\x97\xb9\x06\x4c\x50\x28\x59\x03\x9c\xea\xaf\x6f\x22\xb7\x0c\x92\x3b\x8d\x9c\x53\xa9\xe6\x47\x4f\x4f\x82\xb0\x15\x42\x7c\x61\x87\xff\xa0\x52\x3d\x3f\x6b\x9c\xe7\xe7\x10\x9e\x9e\x90\xa5\xcf\xcf\xd3\xc0\xc9\xbc\xdc\x50\x21\xb8\x90\x15\x5b\x3b\xf8\x4f\x3b\xa6\x89\x07\x07\xf0\xa9\x64\x89\xa2\x9c\x81\xe2\xb0\x21\x8c\xac\x10\x24\x8a\x2d\x4d\x50\x06\xf6\x7b\x59\x7d\x1f\x4d\xe1\x29\x00\x00\xc8\x79\x42\x72\x07\xb5\x64\x44\x6b\x6e\xf2\x2e\x34\x73\x34\x03\xf9\x28\x15\x6e\x12\x95\x03\x95\x11\x49\x14\xdd\x22\x44\xd1\x8f\x92\xa2\x82\x70\xe2\xa3\x85\x7f\x03\xb5\x46\x66\x10\xf5\x0f\x26\x6b\xde\x01\x01\x2a\x81\xe4\x02\x49\xfa\x08\xa2\x64\x8c\xb2\x95\x65\x84\xb9\xc4\x7d\x88\x8c\x2b\x87\xf4\x1b\x48\x45\x84\xa2\x6c\x15\xc7\x71\x58\x23\xb6\xc4\x35\x10\x5d\x11\xe1\xcd\x1b\x0f\x04\x99\x36\xab\x3d\xcb\x18\x93\xc8\x49\x00\xb2\x4c\x12\x94\xd2\x93\xa3\xb5\x9a\x06\xff\x9b\x65\xa7\x78\x25\x1b\x17\x4e\x82\x16\x65\x8f\x90\xc1\x7d\xa0\x0a\xde\xd5\x43\x19\x0d\xaa\xff\x9e\xbb\x1b\x9e\xac\x31\xb9\x03\xc2\xd2\x8a\x7e\x45\x34\x30\xe3\x4b\xc2\xd2\xa5\x19\xff\xeb\x16\xa0\xad\x36\x2a\x19\x55\x91\xf1\x41\xf8\x09\x2b\x81\x05\x44\x3f\x3a\xba\x89\xab\x8f\xae\x2a\xdb\x16\xd8\xd5\xfb\xcb\x0c\xc1\x21\xa7\x1c\xad\x49\xe0\x03\x95\xea\x37\x90\x77\xb4\x28\x7c\x83\x18\xd2\x50\x4a\xa5\xd1\x77\x46\x05\xde\x93\x3c\xd7\xcb\xa3\xea\x50\x56\xfb\x90\x06\x15\xc0\xd2\x01\xd4\x3a\x3a\x80\x53\xa3\x5d\x9a\x79\xc8\x0d\xde\x0b\x9c\xc5\xa1\xa5\x83\x6e\xf2\xc9\x23\x5a\x1b\xb9\x95\xa6\x6b\xe5\x63\xe6\xce\x8b\x86\x47\xdb\xce\xbb\xcb\x4e\x47\x4d\xbc\x16\xa3\x42\x49\x9d\x75\x67\x65\x9e\x3f\xee\x37\xf1\x4f\x84\x6a\xa4\x01\x55\xbf\xc8\xaa\x07\x76\xdf\x57\x8c\x17\x01\x76\x6c\xb2\xce\x31\xa5\x42\xd0\xc9\x02\x8c\xa1\x06\xd5\xd0\x52\x0f\x99\x91\x8e\xed\xa7\x54\x60\xa2\xb8\x4e\x0b\x9e\xe1\x5f\xc3\x2f\x10\xa5\x10\x4e\xea\xe9\x10\x6e\x3a\xaa\x13\xa8\x4a\xc1\xc0\x09\xe3\xfb\xd3\x1a\xf3\xdc\x26\xab\xf9\x91\x4f\x63\x76\x3c\x6d\x38\x4c\x9e\x0e\x3c\xc0\xeb\xff\xba\x79\x86\x08\x7f\xc0\xdb\x1e\x23\xab\x8d\xcf\xdc\xae\x08\x32\x5e\xb2\x14\x28\xb3\xab\xac\x89\x9f\x80\xc7\xa8\x23\x64\x4b\xc6\x8c\x0b\x43\x49\x93\x08\x27\x4f\x1d\x19\xc2\xbf\x41\xca\x7d\x3b\xbb\x86\x28\x83\x70\xa2\x01\xfa\x3a\x68\xc4\x3b\x33\x7a\x36\x41\x31\x11\xb4\x50\x27\x60\x51\x5a\xa0\xb1\x23\xd4\xdd\xfd\x94\x33\x1c\x88\x6a\x9c\x65\x74\x55\x0a\x84\xd3\xcb\xf3\xe8\x0b\x54\xe9\x3d\xa8\xc7\x97\x89\xa0\x7c\x59\x0d\x77\x36\xd6\x02\x99\x85\xcd\xc3\x19\xaa\x64\xa6\x81\xcd\x3f\xb1\x9e\x0b\x83\xae\x77\xab\xb5\x63\x64\x71\xad\x96\x4c\x90\x91\x2d\xc3\xd0\xfa\xf0\xc8\x87\x23\x3b\xd6\xa7\xa5\xad\xd8\x6c\xdf\x09\xb4\x08\x04\x03\xbe\xe1\xb6\x8b\x66\x4d\xa8\x5d\x5c\x6b\xf1\x17\xb1\x29\x43\x16\x37\x61\x47\x8e\x8e\x14\x07\x70\x6e\x17\x95\x53\x86\x70\x4f\xd5\x1a\x0e\xbd\x32\xe7\xd0\x04\x52\x76\x58\xc7\x51\x92\xa6\x40\x55\x65\x51\xf9\xa3\x6f\x04\xbf\x34\x32\x7c\xf7\x48\xec\x11\x40\xff\x48\x4c\x21\xa2\x70\x38\xfb\xde\x11\x7e\x46\xc0\xa3\x04\x73\x08\x0f\xc3\x49\xbb\x52\x9b\x4d\x7c\x5e\x87\xe1\x61\x87\xdd\x78\x48\xda\xbb\x74\xbb\xab\xbf\x81\xc0\x22\x27\x09\x02\x55\x12\xb6\x24\x2f\x71\x50\x78\xf9\xf3\x7b\x5b\xd6\xf8\xf8\xe7\x6b\x85\xff\x39\x2a\xfd\x68\x04\x8c\x10\x42\xa3\x34\xab\xb3\x9b\x05\x6b\x33\x5d\xec\xe4\xb9\x08\x43\x5d\x6f\x0f\x30\xf5\x4c\xab\xc9\x14\x02\x6d\xe9\xa0\xf9\x0d\x9a\xf3\x95\x97\x0e\x1c\x34\xa6\xd6\x63\x46\x33\x78\x93\x15\x1c\x7d\x0f\xbe\x6f\xf1\xfb\x43\x40\xb5\xd2\x5e\x0c\xa8\xc6\xf7\x07\x01\xce\x14\xa1\x0c\x85\x9c\x55\x38\x14\x65\x15\x10\xea\x14\xeb\x5b\xfc\x19\x1c\x7e\x5f\xc8\xe3\xa3\x83\xdf\x17\xf2\x78\x5a\xb2\x1f\x25\xc9\x69\x46\x31\x8d\x24\x12\x91\xac\xa3\x86\xcc\x42\x1e\xcf\x0f\xf7\xf9\xe4\x47\xcc\xb4\x4d\xee\x24\x64\x8b\x93\xb6\x7f\xea\x9a\xd1\xd5\x2c\x09\xdf\x6c\x90\x69\xed\xf3\x52\x75\x34\xbe\x9b\xf0\x1c\xae\x17\x61\xca\x93\x3b\x14\x31\xe5\x8b\xf0\x26\x84\x9f\x20\xcb\x94\x83\x42\x84\x88\x74\x23\xdb\x87\x59\x8a\xdb\x19\x2b\xf3\xbc\x6b\x39\xd7\x10\xe9\xfc\xd1\x3d\xa1\xf4\x83\x61\x6b\x27\xb4\xfa\x91\xa9\xf9\xe4\x28\x21\x0a\xde\xbf\x3f\xfb\xf2\x69\x79\x7a\x79\xfe\x65\x79\x79\xf6\xf7\xe0\xfa\xda\x51\xbb\xb9\x09\x0a\x81\x19\x7d\xd0\xae\x55\x8b\x1b\x06\x9a\x96\x31\x8d\xf6\xb0\x87\x19\x5b\x39\x6e\x6e\x5a\xb0\x7d\x31\x83\x16\x67\x27\xeb\xb4\x5f\x6a\x55\x95\x68\x5b\xfe\xd7\x69\xad\x9b\x12\x9c\x30\xb5\x75\x5b\x39\x13\xbe\x29\x72\x54\x98\xee\x2b\xf8\x76\xb8\xea\x6b\xdc\xf5\x45\xc5\xdc\x88\xdb\xee\x3b\x9e\x94\x45\x4a\x14\x2e\xef\xca\x5b\xcc\x51\x2d\xed\x42\x3b\xce\xe9\x4f\x2e\x53\x2a\x2a\x0f\xb5\xeb\x4c\xab\xff\x67\x15\x94\x3b\x58\xc4\x95\x76\x2c\x09\x86\xf7\x06\x7d\x1e\x4e\xba\xd4\x66\xef\xde\x46\x7a\x8c\xa4\x1b\xcf\xbd\x2d\x1a\xcf\xd3\x51\xb4\x36\x4e\xd0\xae\x82\x1c\xbf\x81\x6a\x70\x63\x21\x1c\xe9\x46\x55\x9b\x6d\x0b\xd1\x07\xa9\x61\xbc\x82\x9d\xe0\x86\xb3\x48\x60\xce\x49\x3a\x30\xef\xf6\xa3\x92\x3b\xe8\x18\xd8\x3f\xec\x70\xc7\xb2\xec\x6e\x0c\x56\xf4\x03\x31\xfb\x4c\x7b\xc8\xc9\xdd\x20\xa5\x76\x19\x13\xef\x88\xe3\xaf\xaf\xe5\x5c\x64\x4e\x7b\x15\x5d\x33\xe5\xca\xa9\x14\x33\x52\xe6\x0a\x3e\x40\x3b\xaa\xa7\x33\x0b\x10\x2b\xbe\xb1\xce\x27\x09\x4b\x6f\xf9\x83\xbb\xda\xd9\x99\xa5\x5b\x19\xa0\x4a\xfe\xa1\x3c\xf8\xbe\x38\x5a\xc8\xe3\x16\x21\x1d\xea\x17\xf2\x78\x31\x8d\x8f\x17\x93\x83\xc5\xbb\x45\x38\x69\xcf\x87\x07\xe1\x2e\xd1\x06\x33\x6c\x8b\x02\x64\x14\x73\x53\xe7\xef\x20\xf3\xca\x9d\x6d\xdc\xda\xe2\xc1\xeb\x39\xc6\xed\x12\xa2\x51\xd2\x95\x75\xdb\xd3\x95\xe0\x65\x01\x73\xc8\x48\x2e\xb1\x37\xaa\x44\x89\xbb\x35\xb3\xab\x34\xa9\x11\x5e\x53\xa0\x34\x58\xaf\xa8\x52\xba\x48\xaf\x2a\x55\x3c\x73\xad\x43\x7d\x95\x77\x46\xec\xfd\xd5\xd5\x4b\x4b\x65\x6d\xbb\xfd\x7f\x4c\xcc\x5f\x3e\x7f\x6d\xa5\xc7\xeb\x22\x2f\x57\x94\xc9\x38\xb4\x87\xa8\x4a\x96\x78\x25\x8a\x24\xde\xbe\x8b\x13\x41\xc3\xb8\x93\x89\x65\xec\x65\xea\x1b\x2f\x81\x20\x4b\x0b\x4e\x99\xd2\x35\xc9\x80\xb8\x37\xc1\xa0\x08\xd3\xc1\xdc\xf8\xb2\x63\x99\x97\x87\xfb\x41\xcd\x47\xed\x5c\x31\xc5\xad\x5a\xbd\xa3\x3f\x85\x9b\xc2\x6e\xd1\xe4\x68\x73\xa7\xbf\x1a\x11\x4d\x89\xa0\x5d\x24\x9c\x75\xb5\x32\x13\x60\x8a\x04\xa9\x52\xca\xba\xe7\x28\x78\xff\xfe\xfd\x40\xcd\xa1\x8b\xf9\x9a\x9d\x9f\x3d\x34\x1b\x93\x66\x9a\xd9\xd1\xa3\x92\x59\xff\x0e\x0b\x1d\x2f\x4a\xbc\x22\xf6\xb2\xe7\x26\xf5\x95\xa3\x5f\xb1\x98\xe5\xbf\xdc\x8d\x5f\xed\xca\xaf\xaa\x60\x86\x90\x5f\x79\xcb\x2a\x50\x07\xcd\x44\x50\xbd\x9c\x7e\x62\x0c\x2c\xc0\xd2\x02\x0c\x17\x3d\x83\xd7\x12\x89\xca\xe3\x47\xd2\x72\xe4\x03\x38\xad\xb8\xf5\xd9\x98\x94\xe8\x97\xcf\xa7\x5f\xff\x80\xde\x49\xaf\x4a\xa2\x91\xf3\xb3\x13\x7d\x36\xa0\x0f\x27\xb3\xd9\x4c\x94\xac\x13\x4a\x9c\x27\x4b\x9e\xdc\x55\x0f\x26\x7f\x05\x51\x33\xe4\xa5\x3a\x81\xb7\x41\x8a\xb7\xe5\xea\xc4\xa6\x81\xa0\x91\xb3\x77\xeb\x32\x50\x5f\x50\x59\xa9\xba\x9d\xd7\x3a\xb5\xd8\x0b\x6e\x60\x46\x77\x6a\x90\x3e\x10\xd5\x8a\x02\x2f\xc9\xa3\xfb\x4c\x62\x84\xe6\x90\x75\x15\x28\x32\x2e\x36\xf0\xe5\xea\xab\x40\x04\x81\xb7\x44\x62\x50\x8d\x2e\xed\x67\xc7\x98\xcc\x3b\x53\xeb\xda\x32\xfa\x5f\x08\x27\xa5\xc8\xc7\x34\xd2\x7b\xc8\x32\x57\xd9\x9b\x42\x3d\x36\xf7\xe8\x20\x8a\x4d\xc4\xa5\x6a\xa4\x18\xd2\x04\xcd\xfa\x70\x10\x45\xf8\x50\xa0\xa0\xfa\x74\x4a\x72\x08\xed\x6c\x54\xb2\x2d\x0a\x7b\x24\x35\x8c\x4f\x6c\x46\x38\x99\xcd\xac\xac\x51\x74\xfb\x58\x10\x29\xa3\x54\xd0\x2d\x8a\xd1\xb0\x70\x69\xb9\xf0\x02\xbb\xd1\xa9\x5d\x00\xc1\x25\xde\x72\x6e\x6e\x23\xd5\x1a\xab\x10\xd4\xba\x49\xef\x16\xd5\x1a\x7c\x5f\x48\xe9\x71\xcf\x8c\x19\xc4\x60\x8b\x1c\xb8\xa7\x79\x6e\x92\xc6\x2d\x56\x14\x31\xfd\xcb\x2f\x3a\x19\xaa\x64\x6d\x5f\x74\xc8\x16\x21\x41\xa1\x68\x46\x13\xa2\x50\x06\x66\xce\xbe\xea\x90\x2d\x2e\xfd\xb9\x6e\xb4\x31\xcf\x91\xcd\xd9\x4a\x17\xf5\x82\xa1\x42\x39\x2b\xee\xa8\x1e\x72\x71\x7d\x73\x97\x52\x01\x51\xa1\x1d\xcb\x21\xf9\x47\x26\x81\xb2\xe0\x4c\xea\x2c\x97\x68\xb3\x89\x64\x0d\xa9\xb7\x70\xda\x31\x41\x07\x3e\x66\x87\xf6\x8c\x01\x8d\x23\xd9\xf5\xfe\xcf\xd5\x97\xcf\x90\x12\x45\xe2\x9d\x77\xa2\x56\xa4\x82\xa8\x35\x54\xc9\xd1\x0c\xdf\xaf\xb5\xc7\x9d\x7f\xba\x9a\x83\x40\x92\x42\x24\xcc\xfd\x5f\xeb\x46\xdb\x4d\xf8\xc8\x55\xba\xd5\xb0\x0d\xdb\xa6\x20\x6a\x6e\x00\xdc\xd1\x5f\xdb\xc1\x7f\xfe\x07\x44\xe9\x74\xe0\x9a\xa0\xc9\xd5\x9a\x47\x58\xdf\x6f\xc3\x7b\x78\xef\x68\x35\xea\xf9\x09\x7f\xfe\xd0\xf2\x1c\xc6\xd7\x37\xf0\x13\xc2\xc5\x51\x7c\x41\xd4\x7a\x0a\x8b\xa3\xf8\xd4\x12\x9b\x86\x87\xd3\x81\x07\x2d\x7b\x8f\xa4\xed\x9b\x32\xa9\x48\x9e\xa3\x5e\x95\x79\x4d\x96\x46\xc2\x14\x34\xe4\x1a\x01\xd9\x96\x0a\xce\xb4\x53\x06\x16\x6d\x59\xa3\x2c\x1d\x4a\xc7\x72\xdc\xf0\xfc\xc8\xd7\x08\x53\x82\x24\x77\x91\xe2\x3c\x97\xcd\xb8\xa0\x9d\x11\xc9\x13\xa2\x5a\x9a\x34\x59\x82\xa1\xba\xe7\xe2\x8e\xb2\x55\x54\x15\x92\x4d\x34\x29\x94\x7d\xe7\x77\x03\x7f\xfe\xa8\x7f\xbd\x5f\xa1\x25\x66\xb5\xfd\xf4\x44\x33\x88\xcf\xe5\x47\x13\x43\x20\x7a\x7e\x36\xc3\x4e\xe0\x5f\xe7\x47\x36\xba\x44\xc8\x56\x94\xa1\x43\x42\x96\xd6\xb0\x8e\xc4\xb9\x2c\x73\x92\x0e\x91\xa0\x57\x7a\x66\x17\xee\xa9\xa0\x7c\x08\x53\x6b\x83\xef\x44\x6c\x6a\xa6\x21\xf4\x7a\x76\x88\x46\x65\x3e\x4f\x0e\xc1\xbc\xd8\xec\x7a\x0e\xae\xf6\x19\x52\x2c\x90\xa5\xda\xd6\x1d\xaa\xf7\x36\x5c\x01\x2d\x6b\xa0\xbe\x51\x58\xc6\xe7\x16\x50\xc7\xd5\x3e\xc1\x3a\xbe\xb6\x0d\x68\xa9\xb8\x63\x30\x3f\x9a\xba\xf4\x6f\x25\x7c\x2c\x37\x0e\xae\x8e\x1f\xe6\x61\xcc\x6f\x96\xb0\x2f\x63\x0c\xe1\x2d\xbc\x79\xe3\x2d\xde\x4e\xbe\xbd\x79\x0e\xe1\x97\x39\x84\x21\xdc\x0c\x87\x9a\x6f\x52\xcb\x5b\x9f\xbb\x52\xc7\xd1\xbc\x69\x9f\x34\x0e\x3f\x20\xf0\xaf\xf3\xa3\x2e\x3f\xad\xf0\x69\x2b\x18\x1d\xd8\xb5\x88\xa2\xbf\x16\x73\x12\x7b\x7a\x8a\x2f\x8b\x4d\xd5\xe7\x71\x5a\x9a\x6e\x90\xfe\xf5\x51\xb1\x31\x5d\x23\x03\xc0\x35\x0c\x11\xc9\x9a\x2a\x4c\x54\x29\x74\x18\x2e\xcd\xa3\x78\xb4\x99\xb6\x88\x38\x61\x6d\x93\x8c\x09\xfa\xec\x2e\x35\xcf\x7b\x33\xb7\xc2\xd9\xc4\x27\x15\xf6\x0e\x52\xa9\x8e\x50\x1d\x5a\xc3\xa7\x29\x2f\x6b\xf4\x10\x06\xcf\x4c\x07\xf0\xc9\x04\x7a\x7f\x0f\x20\x13\x7c\x63\x02\x55\x21\xf8\x96\xa6\x98\xc2\xb7\xcb\x3f\xba\xfb\x62\x1b\x67\xfc\xec\x53\xe9\x2c\xac\x9b\x11\xf8\x05\x1c\xae\x05\x66\xf3\x70\xf1\x8f\xeb\xef\xe1\xcd\xaf\x87\xf5\xd4\x19\x1c\x2e\x62\x51\x6c\x26\x87\xd3\xa0\xb5\xde\xea\xb4\xec\x33\x19\xb0\xa4\xc6\x9a\x3e\xf2\x7b\x96\x73\x92\x6a\x9b\xba\xbc\xf8\x67\x13\x71\xcd\x22\x6a\x99\x5a\x98\x19\xaf\x23\xb3\x29\x02\x6d\x5b\x0b\x83\x16\xd7\x56\x96\xea\xae\xdd\x16\x7a\x4f\x15\xf5\x7f\x9b\x3d\xcf\x26\x5d\x82\xe1\x28\xb2\x35\x85\xde\x06\x0d\x91\xe8\xd1\x68\xca\xed\xfd\xc6\xd0\x56\x54\x65\xc3\x75\xd3\x8f\x7d\x71\x8b\xe1\xca\x55\x99\x69\xa5\xc9\xb8\x2f\x79\xaf\x00\xf3\xc4\xd1\xd9\x00\xa2\x8b\x41\x13\x6d\xa4\x34\x76\xd1\x5c\xc3\x9b\xce\xb2\x1d\x22\xf7\xc5\xee\x29\xa7\x96\x77\xbc\x33\xa2\xfb\x93\xac\x37\x3c\x85\x5f\x1f\xba\xda\x1b\x45\x18\x0b\x41\x2d\xec\xe9\xb0\xd2\xc7\x54\x36\xd8\xa1\x51\x2d\xa5\x76\xc3\xde\x6a\x77\xac\xaa\x53\xc3\xb6\x0c\x9d\x06\x7b\x86\xcc\x43\xff\x9e\x3a\xfb\x33\xef\x78\x96\x69\x78\xd0\x07\xa9\x9e\x77\x35\x05\x74\x95\x57\x68\xd6\x8a\x17\x26\x07\xfa\x76\x62\x07\x05\xda\x33\xcf\x60\xd2\xf1\xb5\xef\x77\x65\xec\xca\x2e\xee\x3a\xfa\xe5\xa9\x65\x7e\x34\x39\x1a\xad\xc5\xa6\xd3\x5e\xc7\x86\xa3\x6c\x9b\x36\x46\x44\xed\x35\x6f\x98\x1b\x18\x9d\x65\x5d\x1d\x10\x3d\x36\xc6\xf8\x12\x07\x19\x76\x8a\xba\xe2\xfc\xeb\x4d\x42\x4e\xa0\xae\x05\xbe\xe8\xc0\xe4\xda\x45\xfa\x25\x8c\x3e\xe0\x2c\x6f\x29\x23\x82\xf6\x4a\x5a\x37\xec\x95\xb4\x61\xf5\xda\x13\xb6\x47\x72\x54\x9d\x91\x44\x55\x56\x37\xad\x77\xc4\x90\x7b\xac\x36\xc4\xd1\xee\xef\x82\x7d\x4c\x4e\xf8\x66\xa3\x6d\x31\xda\x42\x38\x39\xd2\xd5\xb9\x89\x29\xe1\xc4\x52\x09\xa7\x21\xbc\x69\x76\x63\xbc\x0f\xd1\x31\x95\xb0\xa1\x52\x9a\x56\x31\xda\x14\x65\x54\x41\x69\xec\xf1\xb1\xdc\x74\x0f\xbb\x03\x96\x30\x2b\xa5\x30\x1d\xba\xb5\x18\x10\xf4\x82\xff\xe4\xf7\xaa\xf8\x1a\x0b\xf9\x63\x3b\x5b\xd1\x1c\x0a\xef\xfd\x08\x32\x18\xbe\xaa\x35\x0f\xa9\x6b\xbf\x05\x76\x82\xcf\xce\x46\x23\xd7\xb1\x26\xef\x49\x51\x37\x02\xea\x8f\xa1\x26\x40\x5d\xa8\x94\x12\x05\xac\x89\x04\x59\x66\x19\x4d\xa8\xa9\x83\x05\xdd\xd2\x1c\x57\x28\xfd\xb0\x72\xf6\xed\xfc\xa3\x53\xe0\x70\x04\xf9\xba\xa6\x12\x32\x27\xcd\xa6\x94\xf6\x02\xa1\x64\x40\x24\x08\xce\x95\xb7\x2b\x03\x67\xe1\xaa\x2c\x71\xfd\x82\x66\x0d\x75\x29\xae\x3f\x78\x96\x41\x44\x7a\xf7\x6e\x7a\x4a\xdb\x91\x6b\xf7\xf3\x85\xfe\x7d\x77\xcc\xbb\xd2\xa8\xbb\xda\x04\x77\x5e\x99\xf9\xca\x8e\x5f\xfc\xba\xe2\xb0\xae\xce\xfe\xa0\xac\x7c\x68\x76\x09\x73\xfd\x5d\x6f\xd4\xbf\x40\xed\x55\x1f\x47\x47\x20\xfb\x1a\xa6\x90\x65\x5c\x24\x08\x6f\xbd\xcd\xa9\x40\x46\x55\xa6\x23\x19\x2f\x1e\x97\x09\xa3\xcb\x76\x8f\xe2\xc7\xb3\xab\xaf\xcb\x8f\xe7\x97\xf3\x70\xc6\x0b\x35\x4b\x18\xd5\xfe\xea\x3f\x4b\xdb\x72\xdd\x78\x72\x4e\x6f\xf1\x01\x13\x0d\x35\x76\xed\x72\xc5\x4b\x2d\x5c\xdd\x28\x08\x5d\xc4\xf1\x97\x8f\xaa\xdd\xf1\x5d\xbf\x0f\xa4\x3a\x31\x38\x59\xfb\xbc\xbd\x53\x42\x0d\xd4\x22\x93\x14\x3d\x41\x66\xc7\x3d\xe8\xdd\xe1\xa8\x77\x33\xcb\x8b\x47\xd0\x2b\x32\x1a\x1d\xb5\xcb\x53\x0d\x66\x1b\x2b\x15\x87\x9a\xe3\x90\x55\x3b\xb3\x3c\x7b\x41\x97\xa9\xce\x09\x9d\x3f\x59\xb0\x6d\xfa\xa7\x3a\x34\xea\x10\x92\xed\x68\x4e\xee\x35\x23\x07\x81\xb9\x3d\xe0\x02\xe2\x73\xf9\x77\x64\x28\x48\xfe\xe5\xca\x5c\x0b\xbc\xe4\x18\xbf\x2f\x51\x06\xfe\xdd\x84\xe0\xf9\x45\x4e\x18\x1a\xea\x3b\xae\x1a\x83\xe6\x6a\xa2\x77\x27\x32\xd8\xfe\xe1\x21\xf4\x1a\xf1\x3b\x5d\x1e\x41\xff\xd5\x48\xa2\x8a\xee\x50\x30\xcc\xa3\x82\x08\x52\x43\x36\x44\x83\x03\xb8\x32\xa0\x0c\xf5\xd6\xe9\x3c\x59\xff\x05\xc4\x48\x23\xbc\xde\xa6\xea\x9d\xe4\x05\xdb\xd3\x4b\x0f\x7b\x31\x46\xa2\x55\xd0\xd7\xd8\x70\x4f\xeb\x58\x9b\x9b\xbf\xea\xfe\xbd\x52\x9b\x5c\xaf\xad\x62\xf0\x99\x6a\xf7\xc3\xb4\xcf\xaf\x1d\xaa\xb4\x0a\x2e\x86\x5e\x2e\x4c\x8d\xc4\x50\x2a\xde\x98\xd7\x67\x94\xaa\x32\xdb\xf6\xbb\x86\xb9\x12\xed\xbc\x4c\x84\x3e\xd3\xd6\xeb\x85\x7d\x44\x88\xec\xdf\x0d\xb9\x9d\x74\x4f\x01\xe1\xff\x05\x00\x00\xff\xff\xe3\x5b\x01\x35\x76\x34\x00\x00"),
		},
		"/bootconfig/files/etc/sysctl.d": &vfsgen۰DirInfo{
			name:    "sysctl.d",
			modTime: time.Date(2025, 12, 10, 11, 12, 27, 485831131, time.UTC),
		},
		"/bootconfig/files/etc/sysctl.d/kubernetes.conf": &vfsgen۰CompressedFileInfo{
			name:             "kubernetes.conf",
			modTime:          time.Date(2025, 12, 10, 11, 12, 27, 485831131, time.UTC),
			uncompressedSize: 96,

			compressedContent: []byte("\x1f\x8b\x08\x00\x00\x00\x00\x00\x02\xff\xca\x4b\x2d\xd1\x4b\x2a\xca\x4c\x49\x4f\x85\x52\xba\x79\x69\xba\xc9\x89\x39\x39\xba\x99\x05\x25\x89\x49\x39\xa9\xc5\xb6\x86\x5c\xf8\x14\x99\xa1\xa8\xca\x2c\x28\x33\xd1\xcb\x2c\x88\x4f\xcb\x2f\x2a\x4f\x2c\x4a\xb1\x35\x04\x04\x00\x00\xff\xff\xea\x98\xd9\xfa\x60\x00\x00\x00"),
		},
		"/bootconfig/files/etc/systemd": &vfsgen۰DirInfo{
			name:    "systemd",
			modTime: time.Date(2025, 12, 10, 11, 12, 27, 485831131, time.UTC),
		},
		"/bootconfig/files/etc/systemd/system": &vfsgen۰DirInfo{
			name:    "system",
			modTime: time.Date(2025, 12, 10, 11, 12, 27, 485831131, time.UTC),
		},
		"/bootconfig/files/etc/systemd/system/kubelet.service.d": &vfsgen۰DirInfo{
			name:    "kubelet.service.d",
			modTime: time.Date(2025, 12, 10, 11, 12, 27, 485831131, time.UTC),
		},
		"/bootconfig/files/etc/systemd/system/kubelet.service.d/10-kubeadm.conf.template": &vfsgen۰CompressedFileInfo{
			name:             "10-kubeadm.conf.template",
			modTime:          time.Date(2025, 12, 10, 11, 12, 27, 485831131, time.UTC),
			uncompressedSize: 1086,

			compressedContent: []byte("\x1f\x8b\x08\x00\x00\x00\x00\x00\x02\xff\x7c\x53\xd1\x4e\xdb\x50\x0c\x7d\xef\x57\x58\x01\x89\x87\x91\x54\xbc\x4e\xca\x43\xb7\x15\x34\xb1\x01\x2a\xa0\x4d\x9a\x26\xe4\x24\x4e\x6a\xb8\xbd\x2e\xbe\x4e\xa0\x42\xfc\xfb\x74\x13\x5a\x8a\x56\x78\x8a\xe3\xf8\x9e\x73\xae\xcf\xc9\x1e\x9c\x89\xd1\x67\xb8\x9a\x73\x80\x4a\x65\xc9\x1e\xc4\xbb\x15\x3c\x88\xde\x05\x78\x60\x9b\xc3\x5d\x5b\x10\x56\x0b\x40\x5f\xf5\xb5\x23\x83\xee\x28\x3b\x3a\xfa\x34\xfa\x73\x49\xda\x71\x49\x7f\x47\x53\xdf\xb1\x8a\x5f\x90\xb7\x3c\x39\xbd\xfe\x32\xfd\x31\xbd\xba\x89\xcf\xaf\xe7\x67\xc7\xdf\x4f\x6e\x26\xb3\x93\xcb\x3c\x4d\x0b\x11\x0b\xa6\xb8\x4c\x23\x52\x29\xbe\xe6\x26\x1f\x93\x95\xe3\xf8\xae\x9e\x8c\xc2\xf8\xed\x90\x23\xcb\xe2\x20\xa4\x1f\x9d\xd9\x9e\x4c\x76\xab\x79\xab\x64\x8d\xd3\xa1\x8e\x1d\x17\x6b\x80\xf1\xd0\xcf\x56\xb8\x70\xc9\xe8\xe9\x09\xb8\x06\xba\x87\x6c\xd6\x7a\xe3\x05\x41\x52\x2a\x4b\x02\xcf\xcf\xef\x70\x9c\xcc\xce\xaf\x2f\x7e\xfd\xdc\xb0\x34\x2a\xed\x32\xa4\x4b\xd2\xf4\x5e\x42\x5e\xa3\x0b\x04\x69\x4a\xbe\x16\x2d\x29\xf5\x52\x51\x8a\xce\x49\x89\x86\x85\xa3\xfc\xe0\xa0\x67\x25\x5f\x45\x8e\xbd\xc1\x18\x0e\x80\x50\xb3\x23\xb0\x39\x1a\x24\x6b\x47\xd8\xb3\x25\xbd\x2f\x9b\xd6\xad\xb0\x4f\xa0\x21\x4f\x8a\x46\x01\xd0\x40\x07\xe9\x87\xb0\x94\x65\xeb\xd0\xd8\x37\x60\x73\x82\x6d\x97\x26\xdf\x06\xc9\xd0\xa1\x72\x14\x02\xd5\xca\xe3\x82\x4b\x74\x6e\xb5\x7d\xd5\x63\x76\x94\xa7\xff\x6d\xed\x85\x3e\xad\x1d\x36\x21\x23\xdf\xbd\x23\x3d\xf2\xb6\x81\x14\x4a\xf4\xb1\x80\x5a\x14\xa4\x23\x55\xae\x28\x80\xd4\xfd\xc4\x3a\x65\xa8\x4d\x00\x8c\x08\x0e\x83\x81\x52\x10\xb5\x0c\x2e\x94\x6a\x52\x2c\xdc\xea\xf0\x15\x30\xcc\xa5\x75\x55\xac\x47\x7b\x7d\x37\x3b\x93\x8a\x66\xd4\x70\x8c\x92\xb1\xf8\xec\x74\x80\x9d\x3e\x9a\xe2\x24\x42\x4b\x71\x4b\xa5\x01\xfb\xfe\xc0\xe0\x7c\x3b\x0c\xf7\x9a\x03\xb0\x0f\x46\x58\x65\x9b\x65\x4d\x7f\x5f\xcd\x26\xc3\xaa\x5e\x18\x0b\x82\x20\xad\x96\x54\x41\xad\xb2\x00\x8b\xd7\x8e\xa7\xb3\x1d\x7b\x8b\xa9\x0d\xab\x30\x50\xad\xb7\x37\x9a\x3e\x52\x79\x69\xa8\x96\x6f\x95\xe3\x36\xe8\xb8\x60\xbf\x9e\x82\xfd\x77\x7e\xab\xd7\x0f\x3b\x9b\x6f\xec\xdd\xdf\x71\x8f\x0f\x42\xbe\xbf\x33\xd7\x9b\x7c\xfe\x0b\x00\x00\xff\xff\x21\x0d\x51\xd3\x3e\x04\x00\x00"),
		},
		"/bootconfig/systemd": &vfsgen۰DirInfo{
			name:    "systemd",
			modTime: time.Date(2025, 12, 10, 11, 12, 27, 485831131, time.UTC),
		},
		"/bootconfig/systemd/init-cluster.service": &vfsgen۰CompressedFileInfo{
			name:             "init-cluster.service",
			modTime:          time.Date(2025, 12, 10, 11, 12, 27, 485831131, time.UTC),
			uncompressedSize: 515,

			compressedContent: []byte("\x1f\x8b\x08\x00\x00\x00\x00\x00\x02\xff\x9c\x90\xbd\x6e\xe3\x30\x10\x84\x7b\x3e\xc5\xda\x85\x3b\x4a\x77\xc5\x55\x07\x15\xf7\xe3\xe2\x3a\xc3\xc6\x21\x85\xa0\x62\x4d\xad\xa4\x85\x29\x52\xe1\x2e\x1d\xfb\xed\x03\x29\xb6\x03\xa4\x48\x91\x92\x1c\xcc\xc7\x8f\x53\xff\x0f\xac\x8d\xf9\x4b\xe2\x12\x4f\xca\x31\x54\x1c\x58\xe1\x94\x8f\x94\x02\x29\x09\x38\x9f\x45\x29\x99\x3d\x3d\x67\x4e\x24\x95\x90\xda\xd3\x9c\x7a\x3b\x61\xc2\x42\x28\x9d\xd9\x11\x24\xf2\x84\x42\x96\x47\xec\xc9\x4e\x7c\x8e\x7a\xcf\xcc\xaf\x4e\x29\x7d\xa9\xf9\x27\x86\x96\x67\xb1\x1d\xea\xb0\xbd\xb0\xa8\x54\xab\xf2\x8c\xa9\xf4\xb1\x2f\x67\x59\x7b\x33\x2c\x44\x71\x9c\x8c\xa9\x0f\x6f\xd5\xc6\x6c\x2f\xe4\x0e\x8a\x49\x77\x89\xaa\xf2\xc8\xa1\x3c\xa2\x0c\x60\x1d\xac\x5f\x06\xf6\x04\x35\xac\xc0\x76\xf0\xc0\x85\xd8\x3e\xde\x9f\x61\xd0\xfc\x84\x36\x82\x78\xa2\x09\xbe\x7f\x9b\x0f\x81\xd6\xef\xdc\x0f\xd0\x79\x35\x6c\x47\x58\x26\xb4\xd6\xc5\xd0\x71\x5f\x95\xa4\xae\x0c\xa7\xb6\x63\x4f\x72\x33\x5e\x92\xe2\x8a\xa3\x07\x6b\xf3\xe4\x23\xb6\xd6\x51\x52\x81\xcd\x06\x16\xa8\xc6\xec\x06\xf8\xe4\xa3\x6b\xb3\x27\x59\x24\x62\xb0\x1d\xb2\xcf\x89\xee\x57\x07\x72\xd5\x0f\x31\xa6\xfe\x17\x44\xd1\xfb\xc6\x3c\x61\x50\x6a\x7f\x5f\xab\x31\x7b\x65\x9b\x85\x52\xa1\x98\x7a\xd2\xd7\x00\x00\x00\xff\xff\x5b\x74\x1f\x12\x03\x02\x00\x00"),
		},
		"/bootconfig/systemd/join-master.service.template": &vfsgen۰CompressedFileInfo{
			name:             "join-master.service.template",
			modTime:          time.Date(2025, 12, 10, 11, 12, 27, 485831131, time.UTC),
			uncompressedSize: 625,

			compressedContent: []byte("\x1f\x8b\x08\x00\x00\x00\x00\x00\x02\xff\x9c\x50\xb1\x8e\x13\x31\x10\xed\xfd\x15\x73\x29\xae\x73\x02\x05\x15\xda\xe2\x08\x27\x71\x82\x22\x4a\x38\x51\x44\x29\x26\xde\x97\xac\x59\xaf\xbd\x8c\x67\xc3\x45\x51\xfe\x1d\x79\x57\xe1\x24\x24\x9a\xeb\xfc\xde\x9b\xf7\xfc\x66\xb6\xcf\xd1\xeb\xce\x7c\x46\x76\xe2\x7b\xf5\x29\x56\x1d\x67\x85\x50\x4c\x35\xe8\x67\xf2\x91\xb4\x01\xb9\x30\x14\xd6\xac\xf1\x6b\xf0\x82\x5c\x65\xa8\x6d\x21\x11\xc1\xf6\x2c\x3c\xcf\x90\x93\x77\x20\x41\x00\x67\x58\xdf\xf1\x11\xb6\xf7\xa7\xa4\x37\xcd\x3c\x1c\x14\xf2\x26\xe7\x32\xc5\xda\x97\x76\x2b\xd6\xe6\xf1\xc5\x67\xcd\xd5\xdd\xe2\xc4\xb2\x08\xe9\xb8\x28\x2d\xed\x54\x7b\x9e\x95\xbb\xde\x98\xed\x66\x72\xee\xcc\xe3\x0b\xdc\x46\x59\x74\x25\xa8\x16\x7b\x1f\x17\x7b\xce\x0d\x59\x47\xb3\xdf\x8d\x0f\xa0\x2d\xdd\x91\x3d\xd0\xdf\xb4\xb2\xf8\xed\xfb\x12\x46\xbb\x8f\x54\x27\xca\x01\xe8\xe9\xfd\xbb\x02\x22\x66\xaf\xb9\xff\x84\xb6\xc3\x1e\x5c\x77\xd3\xe9\x2e\x97\xf9\xc3\xea\xa9\x74\x81\x3c\xaf\xbf\x5d\xaf\x64\xad\xa6\x16\xa3\xf2\xbd\x3c\x46\xaa\xf6\xd9\xa5\x13\xe4\x3c\x89\xd6\xb1\x75\x10\xb5\x4d\x09\xbd\x5c\xe6\x4b\x5e\x42\xf4\x0b\xe7\x66\x1c\x77\x29\xaa\xa4\x60\xfb\xc0\x11\x05\x43\xd4\x1f\xbc\x63\x85\x6d\x71\x1e\x1d\xaf\xd4\x57\x9c\x27\x97\x78\x9b\x93\x6b\xa1\x55\x19\x10\xbf\x19\xc1\xf5\x4a\x74\x7f\x4f\x9a\x06\xd7\xd0\xff\x4f\x3a\x33\x6b\xe4\x71\xdd\x14\xed\x81\x7d\x18\x04\x37\x6a\x03\x57\x7d\xc8\xc6\x6c\x9f\x62\x56\x0e\x61\x67\x7e\x70\x54\xd4\x9f\xce\x55\x37\x04\xf5\x76\xc8\x90\xb9\xb2\x1c\xa1\x7f\x02\x00\x00\xff\xff\xba\x44\x08\x20\x71\x02\x00\x00"),
		},
		"/bootconfig/systemd/join-worker.service.template": &vfsgen۰CompressedFileInfo{
			name:             "join-worker.service.template",
			modTime:          time.Date(2025, 12, 10, 11, 12, 27, 485831131, time.UTC),
			uncompressedSize: 571,

			compressedContent: []byte("\x1f\x8b\x08\x00\x00\x00\x00\x00\x02\xff\x9c\x90\xb1\x6e\xdb\x30\x10\x86\x77\x3e\xc5\xc5\x43\x36\x4a\xed\xd0\xa9\xd0\x90\xba\x01\x1a\xa0\x83\x61\x37\xe8\x60\x78\xa0\xa9\xdf\x16\x2b\x9a\x54\xef\x4e\x4e\x02\xc3\xef\x5e\x50\x82\x5b\xa0\x40\x97\x6e\xbc\xfb\x79\x1f\x3f\xde\xf6\x39\x05\xdd\x99\xcf\x10\xcf\x61\xd0\x90\x53\xf3\x92\xb9\x07\x53\xca\x2d\xe8\x47\x0e\x89\xb4\x03\xf9\x38\x8a\x82\xcd\x1a\x3f\xc7\xc0\x90\x46\xa0\xb6\x07\x27\x44\x3b\x38\x76\x95\x80\xcf\xc1\x83\x18\x11\x4e\x60\xc3\xc9\x1d\x61\x87\x70\xce\x7a\xcb\xcc\xc3\x41\xc1\xff\x35\xb9\xcc\xa9\x0d\xc5\x6e\xe5\xb4\x7b\x7c\x0d\xa2\xd2\xdc\xd5\x67\xc7\x75\xcc\xc7\xba\x58\xda\x59\xbb\x12\x75\xa7\xc1\x98\xed\x66\x9e\xdc\x99\xc7\x57\xf8\x8d\x3a\xd6\x15\xa3\xa9\xf7\x21\xd5\x7b\x27\x1d\x59\x4f\x8b\x97\x2e\x44\xd0\x96\xee\xc8\x1e\xe8\x37\xad\x7c\xfc\xf6\x7c\x81\xd1\xee\x23\xb5\x99\x24\x02\x03\xbd\x7f\x57\x8a\x84\xc5\x1f\xee\x5f\xd0\x7e\xdc\xc3\xb5\xa7\x79\x75\x97\x4b\xf5\xb0\x7a\x2a\x2e\xe0\xe7\xf5\xd7\xeb\x95\xac\xd5\xdc\x63\x4a\xbe\x95\xc3\xd4\x6a\x83\xf8\x7c\x06\xbf\xcd\xa1\xf5\xce\x7a\xb0\xda\xae\x40\x2f\x97\x6a\xe9\x96\x60\xfd\xe2\xa4\x9b\xae\x7b\x0e\x56\xb2\xef\xa1\x4d\x09\x39\x6c\xa6\xe2\x7a\x25\xba\xbf\x27\xcd\xa3\xef\xe8\xdf\xcb\x59\x98\x35\x64\x12\xcf\xc9\x1e\x5c\x88\x23\xe3\xd6\xda\xc0\x37\x1f\xc4\x98\xed\x53\x12\x75\x31\xee\xcc\x77\x97\x14\xed\xa7\xb7\xe6\x34\x46\x0d\x76\x14\x70\xa5\x8e\x8f\xd0\x5f\x01\x00\x00\xff\xff\xc1\x5b\x96\x23\x3b\x02\x00\x00"),
		},
		"/bootconfig/systemd/kubelet.service": &vfsgen۰CompressedFileInfo{
			name:             "kubelet.service",
			modTime:          time.Date(2025, 12, 10, 11, 12, 27, 485831131, time.UTC),
			uncompressedSize: 323,

			compressedContent: []byte("\x1f\x8b\x08\x00\x00\x00\x00\x00\x02\xff\x74\x8f\xc1\x4e\xeb\x30\x10\x45\xf7\xfe\x8a\xfc\x40\xeb\xbe\x6d\x25\x2f\xfa\x68\x17\x15\x08\x21\x0a\x62\x51\x65\xe1\x38\x43\x32\x8a\x33\x8e\x3c\xd7\x69\xfb\xf7\x88\xa8\xb0\x63\x7d\xce\x8c\xee\x39\xbf\x0b\xa3\x36\x7b\xd2\x90\x79\x02\x27\x71\x43\x69\x28\x12\xb6\xd5\x5b\x4f\xd5\x63\x69\x28\x0b\x81\xb4\x7a\x4e\x2d\x55\xbb\x8e\x04\x66\x9f\x42\x19\x49\xe0\x97\x83\x1e\x98\x74\x6b\xed\xf0\xeb\xae\x39\xd9\x36\x05\xb5\xe6\xc3\x0b\xd4\x09\xe1\x92\xf2\xb0\x4a\x12\x59\x68\x0d\x9f\x3b\x82\xd9\x7d\x82\xf2\x1f\xec\x21\x49\xcb\xdf\xdf\x5f\x3c\xfa\xc3\x95\x15\xea\xec\xec\xb3\x8d\xa9\xb3\x92\x5a\x5a\x4d\x3c\x27\xac\x15\x7e\x9c\x8c\x39\x9f\x28\xcf\x1c\xa8\x36\x87\x2b\x85\x13\x7c\x86\xb3\x45\xb3\x6d\x58\xec\x3d\xc8\xbc\x92\x2e\xc0\xc7\x8b\xbf\xa9\x59\xac\x27\x1e\x19\x47\x01\xe5\xd9\x47\xb7\xf9\x71\x4e\x14\xdc\xbf\x8d\x31\xe7\xa3\x28\x7c\x8c\xf5\x12\x42\xed\xff\x9b\x1b\x4b\x04\xaf\x8a\x52\xbe\x6f\xfd\x0a\x00\x00\xff\xff\x99\x17\x34\x68\x43\x01\x00\x00"),
		},
		"/bootconfig/systemd/release-image-pivot.service": &vfsgen۰CompressedFileInfo{
			name:             "release-image-pivot.service",
			modTime:          time.Date(2025, 12, 10, 11, 12, 27, 485831131, time.UTC),
			uncompressedSize: 328,

			compressedContent: []byte("\x1f\x8b\x08\x00\x00\x00\x00\x00\x02\xff\x74\xcf\xaf\x6e\xc3\x40\x0c\xc7\x71\x7e\x4f\xe1\x15\x94\xa5\x87\x06\x0f\xec\x4f\xc1\x58\xb5\x6a\x1a\x88\x02\xdc\x8b\x93\x58\xb9\xf8\xa2\xb3\x93\x75\x6f\x3f\xa5\xda\xc0\x40\xa9\x2d\xfd\x3e\xfa\xd6\x1f\xc2\xd6\xb8\x57\xd2\x58\x78\x36\xce\x12\x4e\xbc\x66\x03\xc9\x2d\x81\x65\xb0\x81\x40\xc6\x16\x0a\x25\x42\x25\xe0\x09\x7b\x72\x9f\x28\xa6\x41\xc8\xbe\x72\x19\xab\x2c\x89\x85\x0e\x86\xa5\x27\x73\x4f\x9d\x51\xb9\xf3\x7b\xc9\xd2\xf2\xa6\x9c\xd0\x86\xe3\x95\xd5\x34\x3c\xf8\x15\x8b\x4f\xb9\xf7\x9b\x59\xcd\x1b\x7f\x50\xc3\x69\x76\xae\x3e\x53\x59\x39\x52\xe3\x8e\x57\x8a\x67\xc3\x62\xc1\x5f\x58\xfc\x05\x75\x80\x2a\xc2\xce\x93\x45\x2f\x63\xdb\x71\x22\xfd\xb7\x30\xc0\x7e\x0f\x96\x97\x38\xc0\x5d\x61\xe7\xdc\x3b\xe9\x6d\x36\x4b\xd5\x21\xa7\xa5\xd0\xdf\xe9\x4c\x31\x3c\xaa\x73\xf5\x9b\xa8\x61\x4a\xcd\x2d\x9b\xda\xe7\xef\x30\x2d\xc9\xb8\x5a\x94\xca\x6f\xd9\x4f\x00\x00\x00\xff\xff\xff\x91\xbf\xed\x48\x01\x00\x00"),
		},
		"/bootconfig/systemd/set-kernel-para.service": &vfsgen۰CompressedFileInfo{
			name:             "set-kernel-para.service",
			modTime:          time.Date(2025, 12, 10, 11, 12, 27, 485831131, time.UTC),
			uncompressedSize: 284,

			compressedContent: []byte("\x1f\x8b\x08\x00\x00\x00\x00\x00\x02\xff\x7c\x8e\x4d\x4e\xc3\x30\x10\x85\xf7\x73\x0a\x5f\x20\xc9\x09\xbc\x00\xd1\x05\x62\xd7\x82\x58\x44\x11\x72\x9c\x97\x32\xaa\x63\x9b\x99\x49\xd5\xdc\x1e\x41\x24\xc4\xaa\xbb\xf7\x2b\x7d\xfd\x5b\x66\x1b\xe8\x09\x1a\x85\xab\x71\xc9\x5e\x61\xee\x02\xc9\x48\xae\x06\x09\x6e\x2e\xe2\x5e\xd6\xf1\x27\x31\x28\x1d\xf1\xb5\xb2\x40\xbd\x20\x21\x28\x1a\x5e\xc2\x19\x4d\xe5\x6b\xb1\x56\x21\x57\x8e\xa0\x87\xd9\x20\x77\x17\xd4\x9f\x76\x35\xd0\xeb\x56\xe1\x4b\x86\x7e\x16\xa3\x23\x96\xc0\xf9\xf7\x7f\xb8\xb1\xf9\x0d\x4a\x87\x1b\xe2\xc9\x82\x98\x5f\xca\x54\xa5\x8c\x70\xa3\x7c\x64\xd8\xcc\xc9\x20\xff\x7a\xdd\x34\x5a\x72\x4d\x75\x1d\x2c\x76\xbb\x6d\xa7\xee\xf2\xc7\xdf\xc6\x92\x67\xa2\xfe\x39\xab\x85\x94\x06\x7a\x0f\xd9\x30\x3d\x6e\x7e\x59\x93\x71\xb3\x2a\xa4\xb5\x20\x67\xd8\x77\x00\x00\x00\xff\xff\x2c\xec\xe5\x9e\x1c\x01\x00\x00"),
		},
		"/housekeeper": &vfsgen۰DirInfo{
			name:    "housekeeper",
			modTime: time.Date(2025, 12, 10, 11, 12, 27, 489831221, time.UTC),
		},
		"/housekeeper/1housekeeper.io_updates.yaml": &vfsgen۰CompressedFileInfo{
			name:             "1housekeeper.io_updates.yaml",
			modTime:          time.Date(2025, 12, 10, 11, 12, 27, 485831131, time.UTC),
			uncompressedSize: 2294,

			compressedContent: []byte("\x1f\x8b\x08\x00\x00\x00\x00\x00\x02\xff\xb4\x54\x4d\x93\xe3\x44\x0c\xbd\xe7\x57\xa8\x8a\xc3\x5e\x88\xc3\xc0\x65\xf1\x6d\x6b\x80\xaa\x14\xcb\x32\x35\x99\xd9\xbb\xec\x56\x9c\x26\xed\xee\x46\x52\xa7\x76\xa0\xf8\xef\x54\xb7\x9d\x89\xed\xd9\xf9\xe0\x80\x6f\x96\xd4\x7a\x92\x9e\x9e\x30\xda\xcf\xc4\x62\x83\xaf\x01\xa3\xa5\x2f\x4a\x3e\xff\x49\x75\x7c\x2f\x95\x0d\x9b\xd3\xd5\xea\x68\xbd\xa9\xe1\x3a\x89\x86\xfe\x96\x24\x24\x6e\xe9\x27\xda\x5b\x6f\xd5\x06\xbf\xea\x49\xd1\xa0\x62\xbd\x02\x40\xef\x83\x62\x36\x4b\xfe\x05\x68\x83\x57\x0e\xce\x11\xaf\x3b\xf2\xd5\x31\x35\xd4\x24\xeb\x0c\x71\x49\x7e\x86\x3e\x7d\x57\xfd\x58\x7d\xbf\x02\x68\x99\xca\xf3\x3b\xdb\x93\x28\xf6\xb1\x06\x9f\x9c\x5b\x01\x78\xec\xa9\x86\x14\x0d\x2a\x49\x75\x08\x49\xe8\x48\x14\x4b\xa2\x95\x44\x6a\x33\x60\xc7\x21\xc5\x1a\x16\xde\xe1\xf1\x58\xd1\xd0\xcd\x7d\xc9\x53\x0c\xce\x8a\xfe\x3a\x31\x7e\xb4\xa2\xc5\x11\x5d\x62\x74\x8f\x98\xc5\x26\xd6\x77\xc9\x21\x9f\xad\x2b\x00\x69\x43\xa4\x1a\x3e\x65\x88\x88\x2d\x99\x15\xc0\xd8\x58\x81\x5c\x8f\xa5\x9f\xae\xd0\xc5\x03\x5e\x0d\x79\xda\x03\xf5\x38\x54\x04\x10\x22\xf9\x0f\x37\xdb\xcf\x3f\xec\x66\x66\x00\x43\xd2\xb2\x8d\x5a\x86\x34\x94\x07\x56\x40\x0f\x04\x43\x28\xec\x03\x97\xdf\xb1\x48\xf8\x70\xb3\x7d\x7c\x1d\x39\x44\x62\xb5\xe7\xd6\x87\x6f\x42\xf9\xc4\xba\xc0\x7a\x97\xcb\x19\xa2\xc0\x64\xae\x69\x40\x1d\x1b\x23\x33\x76\x00\x61\x0f\x7a\xb0\x02\x4c\x91\x49\xc8\x0f\xec\xcf\x12\x43\x0e\x42\x0f\xa1\xf9\x83\x5a\xad\x60\x47\x9c\xd3\x80\x1c\x42\x72\x26\xaf\xc8\x89\x58\x81\xa9\x0d\x9d\xb7\x7f\x3d\xe6\x16\xd0\x50\x40\x5d\xee\x4c\x17\x39\xad\x57\x62\x8f\x0e\x4e\xe8\x12\x7d\x0b\xe8\x0d\xf4\xf8\x00\x4c\x19\x05\x92\x9f\xe4\x2b\x21\x52\xc1\x6f\x81\x09\xac\xdf\x87\x1a\x0e\xaa\x51\xea\xcd\xa6\xb3\x7a\x5e\xf5\x36\xf4\x7d\xf2\x56\x1f\x36\x65\x6b\x6d\x93\x34\xb0\x6c\x0c\x9d\xc8\x6d\xc4\x76\x6b\xe4\xf6\x60\x95\x5a\x4d\x4c\x1b\x8c\x76\x5d\x4a\xf7\x65\xdd\xab\xde\x7c\xc3\xa3\x38\xe4\xdd\xac\x56\x7d\xc8\xfb\x21\xca\xd6\x77\x13\x47\x59\xc4\x17\x18\xc8\x3b\x99\xc9\xc6\xf1\xe9\xd0\xc5\x65\xd0\xd9\x94\xa7\x73\xfb\xf3\xee\x0e\xce\xd0\x85\x8c\xe5\xf4\xcb\xdc\x2f\x0f\xe5\x42\x41\x1e\x98\xf5\x7b\xe2\x81\xc4\x3d\x87\xbe\xe4\x24\x6f\x62\xb0\x5e\xcb\x4f\xeb\x2c\xf9\xe5\xf8\x25\x35\xbd\xd5\xcc\xfb\x9f\x89\x44\x33\x57\x15\x5c\x17\xfd\x43\x73\x5e\x47\x53\xc1\xd6\xc3\x35\xf6\xe4\xae\x51\xe8\x7f\x27\x20\x4f\x5a\xd6\x79\xb0\x6f\xa3\x60\x7a\xba\x96\xc1\xc3\xd4\x26\x8e\xf3\x8d\x79\x86\xaf\x41\x9d\xbb\x48\xed\x4c\x30\x86\xc4\x72\x5e\x69\xcd\xda\x0d\xfb\xe9\xe5\x79\x59\xa7\x65\x47\x52\x43\x5f\x15\xeb\xd3\x75\xb9\xbb\xa8\x13\x92\x90\xc9\xe2\x49\xb1\x63\x34\x04\xc7\xf7\x8b\x79\xbc\x30\x93\xb2\x31\xb2\xed\xb1\xa3\xfb\xdb\x8f\x6f\x41\xb5\x39\x16\x12\xbb\x27\xb8\xbf\xef\xfe\x13\x2c\x9d\x6c\xab\x37\xc1\xfc\x12\xb8\xa5\xd7\x90\xb7\x7b\x50\xce\xc2\xdf\xe7\xe8\xe1\x6d\x99\x78\x0c\xe6\x39\xd4\x26\x04\x47\xb8\xbc\x4e\x3d\x7e\xb9\xf7\x78\x42\xeb\xb0\x71\xaf\xe2\x7e\x4a\x7d\x43\x9c\x99\xf4\xc1\x14\x92\x51\x01\x99\xa0\xa1\xac\xc8\xb1\x75\x03\x38\x54\x23\xd8\x13\xa8\xed\xe9\xb9\x9a\xf2\x1d\xeb\x88\x67\xde\x2c\xaa\xbc\x35\xf3\x5a\xd6\xd3\x75\x58\x78\x2e\x8c\x2d\x1c\xb3\x99\x2e\x7c\xf3\xc6\xdf\xa4\x01\x45\x4d\xf2\xba\x0a\x4a\xd8\x4c\x07\xa1\x91\x7c\x73\x5e\x16\xc2\x57\x51\x9f\x18\x87\x44\x75\xa1\x7f\x30\x68\x60\xec\x68\x6a\x49\xcd\xe3\x31\x3e\x57\x3b\xd6\x0e\x7f\xff\xb3\xfa\x37\x00\x00\xff\xff\x66\xcf\xb8\xbd\xf6\x08\x00\x00"),
		},
		"/housekeeper/2namespace.yaml": &vfsgen۰FileInfo{
			name:    "2namespace.yaml",
			modTime: time.Date(2025, 12, 10, 11, 12, 27, 485831131, time.UTC),
			content: []byte("\x61\x70\x69\x56\x65\x72\x73\x69\x6f\x6e\x3a\x20\x76\x31\x0a\x6b\x69\x6e\x64\x3a\x20\x4e\x61\x6d\x65\x73\x70\x61\x63\x65\x0a\x6d\x65\x74\x61\x64\x61\x74\x61\x3a\x0a\x20\x20\x6e\x61\x6d\x65\x3a\x20\x68\x6f\x75\x73\x65\x6b\x65\x65\x70\x65\x72\x2d\x73\x79\x73\x74\x65\x6d"),
		},
		"/housekeeper/3role.yaml": &vfsgen۰CompressedFileInfo{
			name:             "3role.yaml",
			modTime:          time.Date(2025, 12, 10, 11, 12, 27, 485831131, time.UTC),
			uncompressedSize: 773,

			compressedContent: []byte("\x1f\x8b\x08\x00\x00\x00\x00\x00\x02\xff\x9c\x92\x41\x6b\xfb\x30\x0c\xc5\xef\xfe\x14\xa2\xf7\xa4\xfc\x6f\x7f\x72\xdd\x61\xf7\x31\x76\x57\xe3\xb7\x56\xd4\xb1\x8d\x64\x77\xd0\x4f\x3f\xea\x66\x30\x92\x6e\x8c\x9c\xfc\x90\xd1\xef\x3d\xd9\xe2\x2c\x6f\x50\x93\x14\x07\xd2\x03\x8f\x3d\xd7\x72\x4a\x2a\x57\x2e\x92\x62\x7f\xfe\x6f\xbd\xa4\xfd\xe5\x9f\x3b\x4b\xf4\x03\x3d\x85\x6a\x05\xfa\x92\x02\xdc\x84\xc2\x9e\x0b\x0f\x8e\x68\x54\xb4\x86\x57\x99\x60\x85\xa7\x3c\x50\xac\x21\x38\xa2\xc8\x13\x06\xaa\xd9\x73\x41\x37\x71\xe4\x23\xb4\xd3\x5b\xbf\xd6\x00\x1b\x5c\x47\x9c\xe5\x59\x53\xcd\x76\x23\x75\x74\x4a\xd5\x70\x06\x32\xb4\x97\xe4\x88\x14\x96\xaa\x8e\x98\xef\xef\x2c\x73\x44\x17\xe8\x61\x2e\xb6\x00\x68\xd2\x23\x60\x96\x47\x94\x76\x06\xb1\xbb\xc8\x5c\xc6\xd3\x37\x4a\x93\x1f\xad\xb8\x35\xc7\xfe\x5d\x22\x07\xb9\x42\x17\x91\x66\x87\xcd\x5c\x2b\x5c\xea\x82\xf9\x35\xd0\x6a\x8e\x95\xcb\x6e\xb7\x26\xc7\xe4\xf1\x03\x70\xd3\x0b\x3d\xf2\xc8\xc9\xff\x66\xf1\x67\xc6\x1e\x17\x19\x6f\x2b\xf5\xf0\x9f\x57\x18\xce\xd9\xd6\x20\xcf\x98\x52\x34\x94\x45\xa4\xc5\x8a\x7c\x06\x00\x00\xff\xff\xe4\x20\x3c\x4b\x05\x03\x00\x00"),
		},
		"/housekeeper/4role_binding.yaml": &vfsgen۰CompressedFileInfo{
			name:             "4role_binding.yaml",
			modTime:          time.Date(2025, 12, 10, 11, 12, 27, 489831221, time.UTC),
			uncompressedSize: 286,

			compressedContent: []byte("\x1f\x8b\x08\x00\x00\x00\x00\x00\x02\xff\x7c\x8d\xbd\x4a\x03\x41\x14\x85\xfb\x79\x8a\x79\x81\x5d\xb1\x93\xe9\xd4\xc2\x3e\x82\xfd\xdd\x99\x93\xe4\xba\xbb\x73\x87\xfb\x13\xd0\xa7\x97\x40\xb4\x11\xd2\x9d\x03\xdf\xc7\x47\x83\x3f\xa0\xc6\xd2\x4b\xd6\x85\xea\x4c\xe1\x67\x51\xfe\x26\x67\xe9\xf3\xfa\x64\x33\xcb\xc3\xe5\x31\xad\xdc\x5b\xc9\xaf\x5b\x98\x43\x0f\xb2\xe1\x85\x7b\xe3\x7e\x4a\x3b\x9c\x1a\x39\x95\x94\x73\xa7\x1d\x25\xc7\x68\xe4\x98\x76\xea\x74\x82\x4e\x2a\x1b\x96\x1b\x7c\xdd\x07\x1c\xaf\x2c\x0d\x7e\x53\x89\x71\xa7\x9b\x72\xfe\x97\xbd\x57\x49\x16\xcb\x27\xaa\x5b\x49\xd3\xcd\x7c\x87\x5e\xb8\xe2\xb9\x56\x89\xee\x7f\x72\xc3\x91\x62\xfb\xfd\x36\xa8\xa2\xe4\xb3\x84\x61\x05\x06\x74\xb2\x2f\x73\xec\x3f\x01\x00\x00\xff\xff\x54\x83\xe7\x45\x1e\x01\x00\x00"),
		},
		"/housekeeper/5deployment.yaml.template": &vfsgen۰CompressedFileInfo{
			name:             "5deployment.yaml.template",
			modTime:          time.Date(2025, 12, 10, 11, 12, 27, 489831221, time.UTC),
			uncompressedSize: 985,

			compressedContent: []byte("\x1f\x8b\x08\x00\x00\x00\x00\x00\x02\xff\x94\x92\x49\x6b\x1c\x41\x0c\x85\xef\xf3\x2b\x44\xdf\x7b\x96\xe4\x56\xb7\x90\x98\x10\x48\xc8\x80\x49\xee\x72\xf5\xcb\xb8\x18\xd5\x12\xa9\xda\x76\x63\xfc\xdf\x43\xdb\xb3\x74\x1b\x82\x3d\x3a\xaa\x9e\x3e\x49\xa5\xc7\x25\xfc\x86\x5a\xc8\xc9\x11\x97\x62\xab\xbb\xcd\x62\x1f\x52\xe7\xe8\x0b\x8a\xe4\x21\x22\xd5\x45\x44\xe5\x8e\x2b\xbb\x05\x51\xe2\x08\x47\xb7\xb9\x37\xec\x81\x02\x6d\x73\x81\x72\xcd\xda\x46\x4e\xbc\x83\x1e\x44\x56\xd8\xbf\x52\xda\x60\x15\x71\x41\x24\x7c\x03\xb1\x11\x47\xe4\x73\xaa\x9a\xa5\x2d\xc2\xe9\x2d\xb2\x15\xf8\xb1\xca\x20\xf0\x35\xeb\x0b\x21\x72\xf5\xb7\xdf\x27\xc8\xcb\xa0\x44\x8a\x22\xc1\xb3\x39\xda\x2c\x88\x2a\x62\x11\xae\x38\xc0\x27\xbb\x8f\x21\xb3\x3e\x97\x76\x22\x3a\xae\x70\xac\xe5\x90\xa0\x27\x5e\x4b\x3e\xc7\xc8\xa9\x3b\x37\x68\x69\xf5\x26\x74\x8c\x10\x79\x07\x47\x8f\x8f\xcb\x9f\x07\xc9\xb7\x31\xf3\x4b\xe5\xe9\x69\x2e\xda\xf6\x22\xdb\x2c\xc1\x0f\x8e\x3e\xc9\x3d\x0f\x76\x7a\x7f\xd7\x75\x5f\xc2\xe0\x7b\x0d\x75\xf8\x9c\x53\xc5\x43\x3d\x0f\x4c\xc4\x22\xf9\x7e\xab\xe1\x2e\x08\x76\xb8\x32\xcf\xc2\xf5\xd9\x62\x7f\x58\x0c\x27\xa5\xc2\x72\xaf\x1e\x36\x2d\x96\x10\x43\x9d\x65\x88\x7c\xe9\x1d\x6d\xd6\xeb\x38\xcb\x46\xc4\xac\x83\xa3\x8f\xeb\x1f\x61\xf2\xa0\xf8\xdb\xc3\x2e\x43\x7c\x38\x23\x2a\x34\x86\xf4\x3c\xef\x57\x65\x8f\x2d\x34\xe4\xee\x1a\x3e\xa7\x6e\x74\xc8\xfa\xa0\x4b\xb9\xc3\xf5\xcc\x87\xc7\x6c\xab\x59\xb0\xdc\xf7\x37\xd0\x84\x0a\x5b\x86\xbc\x7a\x65\x93\xa6\x39\x76\xcb\x32\xfe\x6f\xc8\xc9\xa6\x27\xdf\x63\x70\xd4\xfc\x0f\x16\xd9\x2a\xb4\x99\x6c\x72\xbc\x92\xa3\xe6\xea\x21\x58\xb5\xe6\x5f\x00\x00\x00\xff\xff\x47\x90\x58\x37\xd9\x03\x00\x00"),
		},
		"/housekeeper/6daemonset.yaml.template": &vfsgen۰CompressedFileInfo{
			name:             "6daemonset.yaml.template",
			modTime:          time.Date(2025, 12, 10, 11, 12, 27, 489831221, time.UTC),
			uncompressedSize: 1138,

			compressedContent: []byte("\x1f\x8b\x08\x00\x00\x00\x00\x00\x02\xff\xac\x93\x41\x6b\x1b\x31\x10\x85\xef\xfe\x15\x83\xef\xeb\x25\x57\xdd\x42\x93\x42\xa1\x71\x4d\x43\x7b\x2d\x93\xdd\x67\xaf\xd8\x91\x46\x48\xda\x4d\x4d\xc8\x7f\x2f\x8a\x5d\x7b\xd7\x14\xe2\x40\x75\x9c\x79\xf3\xcd\x3c\x31\xc3\xc1\xfe\x44\x4c\x56\xbd\x21\x0e\x21\xd5\xe3\xcd\xa2\xb7\xbe\x35\x74\xc7\x70\xea\x1f\x91\x17\x0e\x99\x5b\xce\x6c\x16\x44\x9e\x1d\x0c\x75\x3a\x24\xf4\x40\x40\xac\x1a\xf5\x39\xaa\x08\x62\xe5\xd8\xf3\x0e\xf1\x28\x4b\x81\x9b\x0b\x6d\xda\xa7\x0c\xb7\x20\x12\x7e\x82\xa4\x02\x24\x3a\x02\xaa\x20\xec\xdf\x67\xa7\x80\xa6\xd4\x25\x08\x9a\xac\xf1\xc0\x70\x9c\x9b\xee\xeb\x04\xfa\x51\x2c\x51\x86\x0b\xc2\x19\x47\xe0\xc4\x73\x79\x32\x63\x7f\x9c\x4e\xf4\x77\xf0\xf2\xb2\x0a\x22\x67\xab\x7e\x82\xac\xa8\xc7\xde\xd0\xd2\x6b\x8b\x2a\xaa\x60\xd5\x0f\x4f\x88\x1e\x19\x69\x65\xb5\x76\x9c\x32\xe2\xf2\xa4\x27\xd2\x50\x28\x1a\x0d\x2d\xef\x7f\xdb\x94\xd3\x34\x89\xed\x16\x4d\x36\xb4\x5c\xeb\x63\xd3\xa1\x1d\x04\xcb\xab\x7b\x3d\x6b\xec\xff\x4f\xaf\xf2\x1b\x6c\x3d\xe2\xd9\x69\x75\xed\x16\x9d\xfe\xda\x39\xf6\xad\x99\x34\xac\xa8\xbe\xb6\xda\x3a\xde\xc1\xd0\xcb\xcb\xea\xd3\x49\xf5\xa5\xc4\x7e\x44\x79\x7d\xbd\xd0\x6d\x06\x91\x8d\x8a\x6d\xf6\x86\x6e\xe5\x99\xf7\xe9\x2c\x18\x55\x06\x87\x07\x1d\x7c\x4e\xf3\x59\x0e\x76\x86\xb0\x8b\xdc\xa2\x6a\xdf\x0e\x67\x22\x20\x72\xa5\x68\xc3\xb9\x33\x54\x8f\x1c\x6b\xdf\xb7\xe7\x3c\xfc\xf8\x2f\xdc\xfa\xdb\xdd\xfd\xaf\xf5\xed\xc3\xfd\x8c\x34\xb2\x0c\xf8\x1c\xd5\x99\x59\x98\xb6\x16\xd2\x7e\xc7\xf6\x22\x4c\xd3\xfb\x1e\x6f\x2e\x92\x6f\x45\x87\xb1\xca\x76\xae\xca\x36\xac\xd9\x61\x31\x35\x3c\xdb\xd0\x77\x9c\x76\x9a\x0e\x36\x67\x8d\xc2\xcc\xf8\x9f\x00\x00\x00\xff\xff\x09\x7d\x30\x1a\x72\x04\x00\x00"),
		},
		"/kickstart": &vfsgen۰DirInfo{
			name:    "kickstart",
			modTime: time.Date(2025, 12, 10, 11, 12, 27, 489831221, time.UTC),
		},
		"/kickstart/controlplane": &vfsgen۰DirInfo{
			name:    "controlplane",
			modTime: time.Date(2025, 12, 10, 11, 12, 27, 489831221, time.UTC),
		},
		"/kickstart/controlplane/kickstart.cfg.template": &vfsgen۰CompressedFileInfo{
			name:             "kickstart.cfg.template",
			modTime:          time.Date(2025, 12, 10, 11, 12, 27, 489831221, time.UTC),
			uncompressedSize: 965,

			compressedContent: []byte("\x1f\x8b\x08\x00\x00\x00\x00\x00\x02\xff\x6c\x50\x4d\x6f\xe5\x36\x0c\xbc\xeb\x57\x10\x31\x82\x9c\x64\xf7\x50\x14\xbd\x18\x68\x90\x0f\x34\x68\x1b\x04\x4d\xd3\xdd\xd3\x2e\xf4\x24\x3e\x5b\xb0\x4c\x1a\x12\xed\x17\xc7\x78\xff\x7d\x21\xc7\xf9\xc4\x9e\x3c\x1a\x72\xc6\x9c\x29\x26\x8c\xc9\x33\xd5\x97\x57\xff\x5f\xfd\xad\x7c\x43\x1c\xd1\xf9\xd4\x81\xd6\x4c\x61\xd6\x63\xc2\x3a\x39\xa3\xcc\x28\x3c\x98\x28\xa0\xb5\xcc\x03\xd6\x61\xea\x55\x01\x77\x26\x8a\x17\xcf\x04\x36\xa0\x89\x9e\x1a\xf0\xb4\xe7\xd8\x9b\x4c\xaa\x95\xdc\x54\xc4\x84\xa0\xb5\x27\x2f\xc1\xec\x30\xa8\x02\x1e\x12\x42\x13\xcd\xd0\x7a\x6b\x02\x78\x4a\x62\x42\x50\xaf\x8c\x2a\xe0\x2f\x9c\x77\x6c\xa2\x83\x60\x66\x1e\x25\xa9\xee\x85\xd0\x7a\xb2\x1d\xce\xbd\x19\x6a\x4b\xa0\xf5\xe3\xb6\x51\x9f\x59\x3a\x53\x05\xdc\xcf\x49\xb0\x87\x60\xa8\x19\x4d\x83\x2a\x03\x78\x6a\xbf\x5f\xdc\x96\x0f\xff\x5d\xeb\xdf\x95\x2a\xe0\x16\xe5\xc0\xb1\xfb\x70\x32\x6d\x1c\x68\xbd\x63\x96\x21\xb2\x70\xed\x5a\x3b\x80\xd6\x0e\x27\x6f\xb1\x46\x1a\x7e\x4d\xbf\xe4\x2c\xc3\xf4\x5b\x9d\x8b\x01\xad\x8d\x15\x3f\x19\xc1\xf7\x06\x2d\x27\x21\xd3\x63\xbd\x2c\xe5\x9f\x1b\x3e\x1e\x55\x01\xff\x32\x0b\x0c\x26\xa5\x03\x47\xa7\x62\xfe\xcf\x21\xfb\x25\x1b\xe7\x41\xd0\xc1\xb2\x94\x77\xdb\xf8\x59\x30\x12\x48\x8b\x70\x8f\x32\x0e\x70\xde\x20\x09\x30\xc1\xde\xc7\x24\x90\xef\x54\x2b\xcc\x08\xb4\x46\x32\xbb\x80\xaa\x80\x4b\x06\x62\x01\xcb\xb4\xf7\xcd\x18\x71\xf5\xf8\x0a\x5f\x3c\x39\x3e\x6c\x15\xa9\xd4\xf9\xe1\xf1\xad\xb1\x84\x31\xa7\x4c\xea\x05\xe4\xe0\x3e\x65\x47\x57\x9f\xd8\x36\x32\xcd\xee\xe4\x6d\x5f\x7c\x8f\x4f\x4c\xa8\x5e\x00\x9c\x27\x6f\xaa\xfb\xd6\x50\xd3\x1a\x0f\x5a\x8f\x62\x95\x3a\x1d\x8c\xed\x4c\x83\x49\xfd\xf1\xad\xf7\xe4\x7b\x13\x34\xd2\xe4\x23\x53\x8f\x24\x4a\x9d\x22\xb9\xbc\xc6\x29\x47\x08\xdc\xd4\xd5\x64\x62\x15\xb8\xa9\xba\xa4\x33\x5d\x06\x6e\x54\xdf\x39\x1f\x41\x0f\x50\xa1\xd8\x8a\x3a\xb7\xf7\x01\x53\xd5\x32\x77\xcf\xe8\xd3\x46\x5a\xaf\x74\xdb\xb7\xea\xc6\x1d\x06\x94\x72\x0b\x57\x3a\xa5\x96\xc5\xef\xa1\xbc\x49\x97\x6c\x3b\x8c\xa0\x8f\xc7\x4f\x16\x6e\x1d\xa8\x65\x41\x72\xeb\xf8\x55\x72\x93\xc6\x60\xdc\x4f\x24\x7e\x1d\x7c\x94\x44\x43\x0d\x42\x79\x9d\xaf\x3c\x1e\xd5\xb2\x94\x17\x4c\x82\x24\xdb\x23\x17\x86\xff\xb0\x5b\x9f\x48\xee\x83\xea\xb9\x6c\xb7\x09\xdf\xad\xe4\xda\x7e\x04\x00\x00\xff\xff\xef\xff\xc4\x92\xc5\x03\x00\x00"),
		},
		"/kickstart/master": &vfsgen۰DirInfo{
			name:    "master",
			modTime: time.Date(2025, 12, 10, 11, 12, 27, 489831221, time.UTC),
		},
		"/kickstart/master/kickstart.cfg.template": &vfsgen۰CompressedFileInfo{
			name:             "kickstart.cfg.template",
			modTime:          time.Date(2025, 12, 10, 11, 12, 27, 489831221, time.UTC),
			uncompressedSize: 965,

			compressedContent: []byte("\x1f\x8b\x08\x00\x00\x00\x00\x00\x02\xff\x6c\x50\x4d\x6f\xe5\x36\x0c\xbc\xeb\x57\x10\x31\x82\x9c\x64\xf7\x50\x14\xbd\x18\x68\x90\x0f\x34\x68\x1b\x04\x4d\xd3\xdd\xd3\x2e\xf4\x24\x3e\x5b\xb0\x4c\x1a\x12\xed\x17\xc7\x78\xff\x7d\x21\xc7\xf9\xc4\x9e\x3c\x1a\x72\xc6\x9c\x29\x26\x8c\xc9\x33\xd5\x97\x57\xff\x5f\xfd\xad\x7c\x43\x1c\xd1\xf9\xd4\x81\xd6\x4c\x61\xd6\x63\xc2\x3a\x39\xa3\xcc\x28\x3c\x98\x28\xa0\xb5\xcc\x03\xd6\x61\xea\x55\x01\x77\x26\x8a\x17\xcf\x04\x36\xa0\x89\x9e\x1a\xf0\xb4\xe7\xd8\x9b\x4c\xaa\x95\xdc\x54\xc4\x84\xa0\xb5\x27\x2f\xc1\xec\x30\xa8\x02\x1e\x12\x42\x13\xcd\xd0\x7a\x6b\x02\x78\x4a\x62\x42\x50\xaf\x8c\x2a\xe0\x2f\x9c\x77\x6c\xa2\x83\x60\x66\x1e\x25\xa9\xee\x85\xd0\x7a\xb2\x1d\xce\xbd\x19\x6a\x4b\xa0\xf5\xe3\xb6\x51\x9f\x59\x3a\x53\x05\xdc\xcf\x49\xb0\x87\x60\xa8\x19\x4d\x83\x2a\x03\x78\x6a\xbf\x5f\xdc\x96\x0f\xff\x5d\xeb\xdf\x95\x2a\xe0\x16\xe5\xc0\xb1\xfb\x70\x32\x6d\x1c\x68\xbd\x63\x96\x21\xb2\x70\xed\x5a\x3b\x80\xd6\x0e\x27\x6f\xb1\x46\x1a\x7e\x4d\xbf\xe4\x2c\xc3\xf4\x5b\x9d\x8b\x01\xad\x8d\x15\x3f\x19\xc1\xf7\x06\x2d\x27\x21\xd3\x63\xbd\x2c\xe5\x9f\x1b\x3e\x1e\x55\x01\xff\x32\x0b\x0c\x26\xa5\x03\x47\xa7\x62\xfe\xcf\x21\xfb\x25\x1b\xe7\x41\xd0\xc1\xb2\x94\x77\xdb\xf8\x59\x30\x12\x48\x8b\x70\x8f\x32\x0e\x70\xde\x20\x09\x30\xc1\xde\xc7\x24\x90\xef\x54\x2b\xcc\x08\xb4\x46\x32\xbb\x80\xaa\x80\x4b\x06\x62\x01\xcb\xb4\xf7\xcd\x18\x71\xf5\xf8\x0a\x5f\x3c\x39\x3e\x6c\x15\xa9\xd4\xf9\xe1\xf1\xad\xb1\x84\x31\xa7\x4c\xea\x05\xe4\xe0\x3e\x65\x47\x57\x9f\xd8\x36\x32\xcd\xee\xe4\x6d\x5f\x7c\x8f\x4f\x4c\xa8\x5e\x00\x9c\x27\x6f\xaa\xfb\xd6\x50\xd3\x1a\x0f\x5a\x8f\x62\x95\x3a\x1d\x8c\xed\x4c\x83\x49\xfd\xf1\xad\xf7\xe4\x7b\x13\x34\xd2\xe4\x23\x53\x8f\x24\x4a\x9d\x22\xb9\xbc\xc6\x29\x47\x08\xdc\xd4\xd5\x64\x62\x15\xb8\xa9\xba\xa4\x33\x5d\x06\x6e\x54\xdf\x39\x1f\x41\x0f\x50\xa1\xd8\x8a\x3a\xb7\xf7\x01\x53\xd5\x32\x77\xcf\xe8\xd3\x46\x5a\xaf\x74\xdb\xb7\xea\xc6\x1d\x06\x94\x72\x0b\x57\x3a\xa5\x96\xc5\xef\xa1\xbc\x49\x97\x6c\x3b\x8c\xa0\x8f\xc7\x4f\x16\x6e\x1d\xa8\x65\x41\x72\xeb\xf8\x55\x72\x93\xc6\x60\xdc\x4f\x24\x7e\x1d\x7c\x94\x44\x43\x0d\x42\x79\x9d\xaf\x3c\x1e\xd5\xb2\x94\x17\x4c\x82\x24\xdb\x23\x17\x86\xff\xb0\x5b\x9f\x48\xee\x83\xea\xb9\x6c\xb7\x09\xdf\xad\xe4\xda\x7e\x04\x00\x00\xff\xff\xef\xff\xc4\x92\xc5\x03\x00\x00"),
		},
		"/kickstart/worker": &vfsgen۰DirInfo{
			name:    "worker",
			modTime: time.Date(2025, 12, 10, 11, 12, 27, 489831221, time.UTC),
		},
		"/kickstart/worker/kickstart.cfg.template": &vfsgen۰CompressedFileInfo{
			name:             "kickstart.cfg.template",
			modTime:          time.Date(2025, 12, 10, 11, 12, 27, 489831221, time.UTC),
			uncompressedSize: 1136,

			compressedContent: []byte("\x1f\x8b\x08\x00\x00\x00\x00\x00\x02\xff\x6c\x52\xc1\x8e\xdb\x36\x10\xbd\xcf\x57\x0c\x6c\x07\xbb\x7b\xa0\xdd\x16\x45\x91\x8b\x8a\x06\xd9\x04\x08\xda\x06\x41\xb7\x69\x7b\x6a\x40\x93\x63\x89\x10\x35\x23\x90\x23\xef\x3a\x8a\xfe\xbd\xa0\x56\x76\xba\x8b\x9c\xf4\xf4\xe6\xbd\xc7\x99\x21\xd7\x47\x4a\x39\x08\x57\xb7\x6f\xfe\x7a\xf3\x1b\x84\x9a\x25\x91\x0f\xb9\x45\x63\x84\xe3\xc9\x0c\x99\xaa\xec\x2d\xd8\x41\xa5\xb7\x49\xd1\x18\x3d\xf5\x54\xc5\x63\x07\x6b\xfc\x60\x93\x06\x0d\xc2\xe8\x22\xd9\x14\xb8\xc6\xc0\x07\x49\x9d\x2d\x24\xcc\xe4\xe2\x62\x61\x42\x63\x02\x07\x8d\x76\x4f\x11\xd6\xf8\x31\x13\xd6\xc9\xf6\x4d\x70\x36\x62\xe0\xac\x36\x46\xb8\x30\xb0\xc6\x5f\xe9\xb4\x17\x9b\x3c\x46\x7b\x92\x41\x33\xb4\x67\xc2\x98\xa3\x6b\xe9\xd4\xd9\xbe\x72\x8c\xc6\x3c\x2c\x8a\xea\xca\xf1\x15\xac\xf1\xee\x94\x95\x3a\x8c\x96\xeb\xc1\xd6\x04\x05\xe0\xe7\xe6\xd3\xeb\xf7\xdb\x8f\x7f\xbe\x35\x2f\x01\xd6\xf8\x9e\xf4\x5e\x52\xfb\xa4\x65\x5e\x38\x34\x66\x2f\xa2\x7d\x12\x95\xca\x37\xae\x47\x63\x3c\x1d\x83\xa3\x8a\xb8\xff\x31\x7f\x57\x66\xe9\x8f\x3f\x55\x65\x31\x68\x8c\x75\x1a\x8e\x56\x09\xd6\xf8\x87\x88\x62\x6f\x73\xbe\x97\xe4\x21\x95\x94\xfb\xa2\xce\x2e\x9d\x7a\x25\x8f\xe3\xb8\xfd\xb0\x94\xa7\xa9\x18\x06\x46\x6d\x08\xef\x48\x87\x1e\x5f\xd5\xc4\x8a\xc2\x78\x08\x29\x2b\x96\x2e\x60\x86\x05\xa1\x31\xc4\x76\x1f\xcb\x39\xb7\x82\x2c\x8a\x4e\xf8\x10\xea\x21\xd1\x9c\xf1\x0f\xfe\x1d\xd8\xcb\xfd\xb2\x00\xc8\x6d\xe8\x1f\xbe\xee\x23\x53\x2a\x33\x64\x38\x83\x32\x56\xc8\x25\xd1\x57\x2b\xd7\x24\xe1\x93\x5f\x7d\xd5\x6b\xe8\xe8\xb3\x30\xc1\x19\xe0\xab\x1c\xec\xee\xae\xb1\x5c\x37\x36\xa0\x31\x83\x3a\x80\x17\xbd\x75\xad\xad\x29\xc3\x2f\xff\x76\x81\x43\x67\xa3\x21\x3e\x86\x24\xdc\x11\x2b\xc0\x0b\x62\x5f\x64\x92\xcb\x08\x51\xea\x6a\x77\xb4\x69\x17\xa5\xde\xb5\xd9\x14\x7a\x1b\xa5\x2e\xe7\x92\xce\x73\x34\x92\x95\x6d\x47\xd0\x27\x3a\x84\x87\x6a\xd5\xbe\xcc\x66\x05\xc9\xb2\x97\xee\x53\xd6\xf2\xd6\xaa\xcd\xf5\x30\x04\x5f\x13\xe3\x17\xd4\x84\xc6\xe3\x95\xb9\xc2\x2f\xd8\x90\xf5\x68\x1c\x6e\xae\xaf\xbf\xff\x01\x0d\x6e\xc6\xf5\x63\xcc\x74\x73\x73\x03\xe7\xe8\x6a\xb5\x19\x17\x7a\x33\x3e\x09\x9e\x56\x40\xae\x11\xdc\x9c\xa5\xf8\x33\xee\x48\xdd\xee\xd2\xd5\x19\x38\x8d\x98\x49\xcd\x45\x78\xb1\x00\x74\xad\x0f\x09\x4d\xff\x68\xe5\xd6\x1f\x42\xa4\xbc\x6b\x44\xda\x47\xf4\x4c\x91\xe7\x95\xfb\xe5\xbb\x6b\x87\x3d\x45\xd2\xed\x72\x53\x5b\x0f\x30\x8e\xe1\x80\xdb\x77\xf9\x56\x5c\x4b\x09\xcd\x34\x3d\x8b\xf0\x73\x01\xc6\x91\xd8\xcf\xe5\x8b\xe5\x5d\x1e\xa2\xf5\xdf\xb0\x84\xb9\xf0\xd4\x92\x2c\xd7\x84\xdb\xb7\xa5\xcb\x69\x82\x71\xdc\xbe\x16\x56\x62\x5d\x7e\xca\xed\xd3\xef\xe2\xe7\x5f\x62\xff\xc4\xf5\xf8\x72\xfc\x62\xfc\x9f\xa4\xbc\x81\xff\x02\x00\x00\xff\xff\xe6\xa2\xf2\x8b\x70\x04\x00\x00"),
		},
		"/terraform": &vfsgen۰DirInfo{
			name:    "terraform",
			modTime: time.Date(2025, 12, 10, 11, 12, 58, 290511333, time.UTC),
		},
		"/terraform/aarch64": &vfsgen۰DirInfo{
			name:    "aarch64",
			modTime: time.Date(2025, 12, 10, 11, 12, 58, 290511333, time.UTC),
		},
		"/terraform/aarch64/generalos": &vfsgen۰DirInfo{
			name:    "generalos",
			modTime: time.Date(2025, 12, 10, 11, 12, 58, 290511333, time.UTC),
		},
		"/terraform/aarch64/generalos/libvirt": &vfsgen۰DirInfo{
			name:    "libvirt",
			modTime: time.Date(2025, 12, 10, 11, 12, 58, 290511333, time.UTC),
		},
		"/terraform/aarch64/generalos/libvirt/master.tf.template": &vfsgen۰CompressedFileInfo{
			name:             "master.tf.template",
			modTime:          time.Date(2025, 12, 11, 5, 37, 50, 490839989, time.UTC),
			uncompressedSize: 4522,

			compressedContent: []byte("\x1f\x8b\x08\x00\x00\x00\x00\x00\x02\xff\x9c\x58\x7b\x6f\xdb\x38\x12\xff\xdf\x9f\x82\x47\x14\xc8\x03\x67\x2a\xed\x15\xbd\x6b\x50\xa5\xed\xa5\xdd\xdd\x00\xdb\x6d\x37\x6d\xb7\x0b\x14\x81\xc0\x48\x63\x9b\x08\x45\xaa\x24\x25\xd9\xeb\xf5\x77\x5f\xf0\xa1\xa7\xed\xd4\x8d\x81\x44\x16\x35\xf3\x9b\x1f\x87\xf3\x92\x0d\x28\x45\x67\x52\xe5\x68\x3d\x41\x48\xc1\xb7\x92\x29\xc8\x92\x42\xc9\x8a\x65\xa0\xb4\x5b\x46\x88\xb3\xdb\x8a\x29\x83\xe2\x70\x8f\x90\x96\xa5\x4a\x01\xc5\x08\x67\x39\x4d\x2b\x96\x52\x15\x05\x29\x1c\x44\x2a\x50\x9a\x49\x61\x65\xce\xc8\x7f\xc9\x33\xbf\xbe\x99\xd8\xbf\xcd\x64\xd2\xd8\x40\xb8\xd1\x73\xe0\xa5\x62\x56\x63\xbd\x26\x1f\x38\x35\x96\x1a\xf9\x7c\x7d\xb5\xd9\x60\xab\xa3\x20\xd8\xc5\x8a\x8a\x4c\xe6\x09\xcb\x30\xc2\x95\xbf\x5a\xed\xdb\x95\x81\x84\x83\x98\x9b\x05\x8a\xd1\xff\xac\x4e\x45\x15\xa3\xb7\x1c\x10\x4e\x79\xa9\x0d\xa8\x56\xd8\xac\x0a\xb0\x94\x62\xa4\x8d\x62\x62\x3e\x41\x28\x83\x19\x2d\xb9\x09\x0c\x2e\xbd\xc2\xd5\x9b\x60\xbe\x83\x62\x42\x1b\x2a\x52\x48\x52\x59\x0a\x73\x20\xdc\x3b\x6a\xd1\xc8\xa5\x55\x09\x88\x5c\xa6\x94\x6b\xab\xdd\x22\x2e\xa4\x36\x82\xe6\xd6\xb7\x9d\xce\x2f\x61\x71\xb3\xd9\xc3\x83\x15\x63\x12\x9c\x69\x73\xec\x99\x9c\x0c\xa8\x74\xa8\x57\x1f\xc6\x78\xad\x8b\x8a\xea\x69\x92\xb2\x4c\x1d\xb8\xb5\xf6\xac\x2e\xaf\xde\x5c\x6f\x79\x6b\x80\x3a\xa7\x06\x6a\xba\xfa\x51\xe0\x9f\xbd\xda\x3d\x27\x51\x94\x0f\x70\xc1\xe5\x87\xcf\x7b\x7d\xaa\x68\xfe\x00\xc4\xeb\xd7\xef\xf6\x22\x66\x4c\xdf\x3d\x00\xf2\x0d\xd3\x77\x7b\x31\xeb\x5a\x3c\x00\xf2\xcb\x97\xdf\xf6\x22\xa6\x5c\x96\x19\x13\xcc\x3c\x00\xf7\xff\x52\x9a\x4b\x29\x66\x6c\xee\xe1\xbb\x8c\x0d\x59\x9e\x14\x52\x72\x8c\xb0\xbf\x58\xfc\x10\xec\xf8\xd1\xba\xa2\x8a\x74\x49\xba\x99\x3a\x99\x86\x81\x2d\x35\x4c\xd9\xdb\x82\xba\xec\xc6\x51\xe5\x8b\x4e\x53\x78\x22\x96\xd3\x39\xe8\x68\x0b\x08\xef\x66\x52\x49\x5e\xe6\x60\x0b\x48\xf8\xd2\xb2\x41\xbb\xf9\x04\x39\x4b\x41\x4a\x1e\x5c\xd2\xed\x8a\xb8\x7f\x16\x60\xd2\x2f\x90\xfd\x28\x7e\xff\xf1\xca\x72\xdc\x7c\x97\x52\x17\x29\xae\xc2\xa0\xf6\x13\x23\xcb\x6a\x58\x7f\x3a\xda\x9d\x14\x7e\xb4\x76\xc5\x85\x6c\x15\x96\xaf\x4e\x87\x30\x91\xc1\xf2\x66\x33\x75\x96\x6c\xe9\xa4\x1a\x82\xfd\x84\x65\xbd\xad\xf9\x35\x12\x2e\x2c\xeb\xb6\xdf\x59\xdb\xef\x06\xf6\xd7\x90\xd7\x80\xbd\xb5\x3d\xa0\x83\x4e\xd1\xe3\xb3\x27\x4f\x87\x97\xdd\xae\x6a\xa3\x34\x64\x15\x1e\x85\x6d\xe7\xb7\xef\xba\xec\x70\x6f\x11\xa6\x25\x1e\x38\xe0\x9e\xbd\x97\x1a\x54\x92\x51\x43\x51\x8c\xec\x85\x18\xc8\x0b\x4e\x0d\x24\x33\xc6\x81\xb4\x8f\xc9\x29\x51\x20\x32\x50\x90\x0d\xac\xd9\x7d\x3b\x75\x3c\x50\xc4\x08\xb7\xaa\xa3\xad\xee\xd9\x69\xa3\x8e\xe2\xf6\xab\x05\x3a\x1e\x0a\x37\xee\x1b\x70\xf8\x37\x5a\xa3\x5e\x47\x3a\xc4\x49\x68\x73\xb2\xfb\xc4\x04\x98\x5a\x2a\x7b\x54\xed\xb7\xf5\xf6\x39\x8c\x93\x4e\x80\x9b\x28\x72\x99\x75\x52\x82\xba\xb5\x4c\xe6\x94\x89\x7d\x9a\xc4\x91\xb5\x72\x34\xcb\x14\x68\x0d\x1a\xc5\xe8\xeb\x40\xaa\x69\x73\x37\x13\x0b\xb7\x48\x8b\x30\xe0\x80\xb0\x35\xd1\x66\x81\x51\x25\xb8\x91\xc5\x0a\x08\x3d\x7a\xee\x4c\x07\x11\xe4\xbd\x93\x48\xc1\x57\x23\x45\x25\x4b\x03\x8d\xae\xb5\xd7\x1d\xd6\x16\x15\x27\x13\x9a\xe4\x2e\x99\xf0\xa8\x81\xa6\xa5\x91\xda\x50\x37\x9c\x39\x93\x3b\x5d\xef\x3d\x85\x11\x9e\x83\x00\x45\xb9\xd4\x3b\x8b\xcb\x81\xd5\xc5\xbb\xdb\xda\xb5\xad\xe0\x78\xe8\xf7\x93\xcd\xb4\xf7\xec\x90\x80\x39\xd9\xd8\x43\x9a\x31\x95\xd7\x54\x41\xcf\x46\x54\x6a\x15\xe9\x05\x55\x10\x41\x76\xf7\x24\xa2\x54\xa5\x8b\x67\x4f\xa3\xdf\xdf\xbe\xfb\x9c\xbc\xfd\xe9\x6a\x5a\xcc\x38\xd5\x0b\xa2\x68\x6d\x11\x44\xa5\x68\x1e\x9c\x6c\xe3\xbb\x85\x19\xf7\x89\x6f\x90\x97\x91\x93\x8e\x0e\xcc\xfb\xe4\x8f\xd7\xd7\x1f\xc9\x2c\xf3\x33\x6c\x2f\x9f\xf6\x72\xac\xa8\xd2\xd3\x46\x70\x44\xd4\xce\xc0\x69\x51\x06\xaa\x2e\xb2\x63\x84\xad\xe5\x69\x41\xb5\x36\x0b\x25\xcb\xf9\xa2\x91\xac\xac\xe8\x3d\x67\x54\x94\xc3\xaa\x81\x50\x0e\xb9\x54\xab\xbd\x1a\x8a\xe6\x63\x8d\x36\xf9\xb7\x2a\xfa\xb0\xcc\x92\xf6\x96\x9c\x12\x96\x6d\x19\xa6\xe9\x82\x09\xe8\xc7\x89\x1b\x0d\xdc\xea\xa7\x55\xe1\x1a\x5f\x3f\x66\x1b\xb1\x90\x2c\xcd\xa8\xd1\xd3\xbf\xab\x72\x6c\xe3\x7c\x99\xf3\xe0\xaf\xa5\x76\x33\xc7\x8b\x17\xd3\xb7\xef\x3f\x85\x77\x8d\x17\x2f\xed\xf3\xf0\xc6\x11\xe3\xc7\xe4\x0c\xa3\x97\x17\xcd\xc3\xa5\xe6\xe7\xda\xac\x38\xe8\x05\x80\x19\x8a\x4d\xd0\xce\xcf\x32\xe7\x42\x9f\x2f\x35\x8f\xf1\xc2\x98\xe2\x3c\x8a\xea\xba\x26\xf5\x7f\x88\x54\xf3\xe8\xf1\xf3\xe7\xcf\xa3\x3f\x3f\xfe\x1a\x7d\x52\x54\x68\xdb\xd8\xf1\x45\x8b\xe3\xac\xc9\xd2\x14\xa5\x41\x32\x67\x66\xba\xcc\xf9\x34\x83\x94\x53\x45\x8d\x33\xbb\x02\x8d\x91\xf5\x99\x30\xfe\x26\x1a\x69\xb7\xf1\x95\x53\x93\x2e\x62\x2c\x64\x06\xc7\x27\x7f\xbf\x3a\xed\x99\x09\xa2\xa9\x2c\x56\x17\x83\x3d\xb8\x65\x5a\x14\x7c\xd5\x86\x9f\x46\x1a\x38\xa4\xa6\x8f\x14\x0d\xa0\xa2\x6d\x2c\xbf\xd6\x40\x5c\x8c\xfc\x74\x3f\xe1\xc8\xd7\x9b\x28\x83\x8a\xa5\xa0\x23\xd7\xe7\x5f\xf9\xbb\xf8\x28\xcd\x94\xcc\x8f\x6e\x22\x43\xd5\x1c\x4c\xf4\xea\xb6\xd4\xdb\x1b\xa3\xc6\x28\x76\x5b\x1a\x70\xc5\x27\xc6\x63\xa1\x20\x56\x51\x5e\xc2\x54\xce\xda\x1d\x1e\xe9\x54\xb3\xa3\x5d\xdb\x6b\x11\x7f\x70\x8f\x5e\xa8\x8b\x1f\x2f\xe6\x63\xcf\xb7\x05\xa6\xef\x42\x6c\xde\x33\x3f\xb9\xf4\xd9\x95\x34\x08\x59\xca\xa3\x4c\x40\xa8\xae\xc5\xee\xf4\xad\x6b\x31\x86\x70\x34\x42\x53\x4d\x98\x30\xa0\x66\x34\x85\xc0\xa9\x59\x6f\x27\xdb\x51\x3f\x26\xed\xd5\x8f\x2d\xa8\x6b\xf8\x6d\x31\x38\xa0\x46\x3a\xcd\xae\xd3\xee\x62\xce\x8a\xe1\xa0\xf0\x2f\xdb\xca\x4b\xce\x31\x7a\xe9\xfb\xf2\x3e\xc9\x1b\x74\x8e\xac\xa0\x77\x0c\x65\x26\x99\x49\x95\x70\xa0\x1a\x46\x9d\x76\xae\x68\xb1\x60\x69\xd3\x6b\xfb\x05\x25\x46\xb8\x12\x29\x0e\x3f\x68\x68\x03\x22\x69\x5e\x2c\x02\x6d\xdc\xa0\xa4\x52\x68\xc9\x61\x37\x48\x61\x56\xa1\x0d\xb8\xf8\x4d\x0a\xe9\x9a\x2f\x3e\xc3\xcd\x4f\x1b\x21\xfb\xb1\xed\xd7\xbe\xcf\xba\x30\xed\xb9\xde\xe7\x07\x69\xbb\x31\x39\x25\x5b\xc7\x47\xce\x48\xeb\xce\xc9\xe6\x9f\x00\x00\x00\xff\xff\x05\x23\x84\xc0\xaa\x11\x00\x00"),
		},
		"/terraform/aarch64/generalos/libvirt/worker.tf.template": &vfsgen۰CompressedFileInfo{
			name:             "worker.tf.template",
			modTime:          time.Date(2025, 12, 11, 5, 38, 3, 919011460, time.UTC),
			uncompressedSize: 3821,

			compressedContent: []byte("\x1f\x8b\x08\x00\x00\x00\x00\x00\x02\xff\x9c\x57\xfb\x6f\xdb\x36\x10\xfe\xdd\x7f\xc5\x8d\x28\x90\x07\x66\x2a\xed\x8a\x6e\x0d\xaa\xb4\x5d\xda\x61\x01\xd6\xb5\xeb\x63\x1d\x50\x14\x02\x23\x9d\x6d\x22\x14\xa9\x92\x94\x14\xcf\xd3\xff\x3e\x90\xa2\x64\xc9\x8f\xcc\x4b\x80\xc0\x36\x79\xf7\xdd\x77\xc7\xef\x78\x92\x45\xad\xd9\x4c\xe9\x1c\x56\x13\x00\x8d\xdf\x4a\xae\x31\x4b\x0a\xad\x2a\x9e\xa1\x36\x7e\x19\x40\xf0\xeb\x8a\x6b\x0b\x71\xf8\x0d\x60\x54\xa9\x53\x84\x18\x48\x96\xb3\xb4\xe2\x29\xd3\x51\xb0\x22\xc1\xa4\x42\x6d\xb8\x92\xce\xe6\x8c\xfe\x48\x9f\xb4\xeb\xcd\xc4\xfd\x37\x93\x49\x17\x03\x48\xe7\xe7\xc1\x4b\xcd\x9d\xc7\x6a\x45\xdf\x09\x66\x1d\x35\xfa\xe9\xfd\x55\xd3\x10\xe7\xa3\x31\xc4\x25\x9a\xc9\x4c\xe5\x09\xcf\x08\x90\xaa\xfd\x74\xde\xd7\x4b\x8b\x89\x40\x39\xb7\x0b\x88\xe1\x27\xe7\x53\x31\xcd\xd9\xb5\x40\x20\xa9\x28\x8d\x45\xdd\x1b\xdb\x65\x81\x8e\x52\x0c\xc6\x6a\x2e\xe7\x13\x80\x0c\x67\xac\x14\x36\x30\xb8\x6c\x1d\xae\x5e\x85\xf0\x6b\x28\x2e\x8d\x65\x32\xc5\x24\x55\xa5\x0c\xcc\xc7\xbe\x9f\x95\xbe\x41\x4d\x2f\xdd\x7e\x70\x17\x2a\x65\xc2\x38\xd3\xde\x7d\xa1\x8c\x95\x2c\x77\x85\x5c\xfb\xfc\x1a\x16\x9b\x66\x4f\x50\x5e\x6c\x26\x20\xb8\xb1\xc7\x6d\x16\x27\x23\x2a\x6b\xd4\xab\x77\x7b\xf1\xd2\xa2\xbc\x07\xe0\xe5\xbb\x4f\x7b\x11\x35\xcb\xef\x81\xf8\xfe\xe5\x9b\xbd\x88\x19\x37\x37\xf7\x80\x7c\xc5\xcd\xcd\x5e\xcc\xba\x96\xf7\x80\xfc\xfc\xf9\xf7\xfd\x95\x14\xaa\xcc\xb8\xe4\xf6\x1e\xb8\x3f\x2b\x65\x2f\x95\x9c\xf1\x79\x0b\xbf\x16\x7b\x68\x90\xa4\x52\xa2\xcc\xd1\x29\x3e\x7c\x71\x31\xbc\x7c\x5c\x08\xf2\x60\x55\x31\x4d\xd7\x2a\x6f\xa6\xc1\x6e\x02\x50\x28\x25\xf6\x59\xb9\x3d\x67\xb3\xee\xe9\x61\xf7\xbd\xfd\x70\x95\xb3\x39\x6e\x75\xe0\x16\xa9\xf5\x09\xf9\xa6\x80\xc1\x5f\x0c\x2e\xe6\xb8\x69\xd6\xd4\x87\x76\xe4\xc1\xca\xb7\x09\xdd\x6a\x91\x2f\xde\x8b\x72\x99\xe1\xed\xd7\x66\xea\xa3\xb9\x8e\x67\x06\x03\x87\x24\x74\xd2\x21\x85\xd8\x88\xb9\xb7\x24\xfc\xef\x4d\x86\xa3\x4c\x1c\x8b\x11\x31\x38\x85\x87\x67\x8f\x1e\x8f\x3f\x76\x17\xae\xd7\x4a\xd0\x36\xd9\x10\xcf\xba\x8a\xff\x59\xbe\xc3\xeb\x46\xb9\x51\xe3\x32\xdc\x99\x7f\x69\x50\x27\x19\xb3\x0c\x62\x70\x1f\xd4\x62\x5e\x08\x66\x31\x99\x71\x81\xb4\xdf\xa6\xa7\x54\xa3\xcc\x50\x63\x36\x8a\xe7\x32\xf7\xee\x64\xe4\x48\x80\xf4\xae\x1b\xc9\xee\xc9\xb5\x73\x87\xb8\xff\xea\x80\x8e\xc7\xc6\x5d\x01\x47\x1c\xbe\x87\x15\x0c\xee\xd9\x43\xca\x04\xcd\xc9\xee\x33\xcb\x54\xce\xb8\x24\x40\xe6\x28\x51\x33\xa1\xcc\x6e\xc5\x1f\x28\x78\x5f\x7b\xab\xda\x7b\xe1\x78\x7c\x08\x27\xcd\x74\xb0\x77\x08\xeb\x93\xc6\x1d\xd9\x8c\xeb\xbc\x66\x1a\x07\x31\xa2\xd2\xe8\xc8\x2c\x98\xc6\x08\xb3\x9b\x47\x11\x63\x3a\x5d\x3c\x79\x1c\xfd\xf1\xfa\xcd\xa7\xe4\xf5\x2f\x57\xd3\x62\x26\x98\x59\x50\xcd\x6a\x87\x20\x2b\xcd\xf2\x30\xe9\x5d\x91\x7b\x98\xaa\x1d\xf2\xdd\xa0\x8f\xbe\x61\x5e\x46\xde\x3a\x3a\x50\x7e\xc9\x9f\x2f\xdf\x7f\xa0\xb3\xac\x7d\x16\x18\x1c\xea\x5e\x8e\x15\xd3\x66\xda\x19\x6e\x10\x75\xcf\x12\x69\x51\x06\xaa\xb9\xca\x3c\x92\x8b\x3c\x2d\x98\x31\x76\xa1\x55\x39\x5f\x74\x96\x95\x33\xbd\xe3\x8c\x8a\x72\x2c\x5d\x80\x1c\x73\xa5\x97\x7b\x3d\x34\xcb\x37\x3d\x7a\x05\xf6\x1e\xbb\xbb\x9d\xf6\x3f\xe9\x29\xe5\xd9\x56\x60\x96\x2e\xb8\xc4\xa1\x4e\x56\x2b\xfa\xa6\x5d\xfd\xb8\x2c\xfc\x6d\x0c\xc0\x4a\xa7\x0f\xa6\xd7\xd1\xac\x2e\x71\x30\x77\x06\xfe\x37\x55\x4e\x26\x13\x80\xdb\x5c\x84\x7a\xdd\x1a\x3f\x80\x9e\x3d\x9b\xbe\x7e\xfb\x31\x3c\xb3\x3d\x7b\xee\xf6\xc3\x93\x5b\x4c\x1e\xd2\x33\x02\xcf\x2f\xba\xcd\x5b\x23\xce\x8d\x5d\x0a\x34\x0b\x44\x3b\x36\x9b\xc0\xce\xbf\xdb\x5c\x48\x73\x7e\x6b\x44\x4c\x16\xd6\x16\xe7\x51\x54\xd7\x35\xad\x7f\xa0\x4a\xcf\xa3\x87\x4f\x9f\x3e\x8d\xfe\xfa\xf0\x5b\xf4\x51\x33\x69\xdc\xb4\x21\x17\x3d\x8e\x8f\xa6\x4a\x5b\x94\x16\x54\xce\xed\xf4\x36\x17\xd3\x0c\x53\xc1\x34\xb3\x3e\xec\x12\x0d\x01\x57\x33\x69\xdb\x1f\xd1\x86\x77\xaf\xaf\x9c\xd9\x74\x11\x13\xa9\x32\x3c\x3e\xf9\xe7\xc5\xe9\x20\x4c\x30\x4d\x55\xb1\xbc\x18\xe5\xe0\x97\x59\x51\x88\x65\x2f\x3f\x03\x06\x05\xa6\x76\x88\x14\x8d\xa0\xa2\x6d\xac\x76\xad\x83\xb8\xd8\xa8\xd3\xdd\x84\xa3\xf6\xbe\x89\x32\xac\x78\x8a\x26\xf2\xe3\xe6\x45\xfb\x2b\x3e\x4a\x33\xad\xf2\xa3\xaf\x91\x65\x7a\x8e\x36\x7a\x71\x5d\x9a\xed\xc4\x98\xb5\x9a\x5f\x97\x16\xfd\xe5\x13\x93\x4d\xa3\x60\x56\x31\x51\xe2\x54\xcd\xfa\x0c\x8f\x4c\x6a\xf8\xd1\xae\xf4\x7a\xc4\xff\x99\x63\x6b\xb4\xd6\x4f\x6b\xd6\x6a\xaf\x71\xd2\x74\xd9\x05\x6d\x86\x81\xce\xb3\x41\x07\xb5\x6b\xd4\xb7\xcf\xae\xa6\x01\x70\x94\x37\x3a\x01\xa0\xae\xe5\xee\xf6\xad\x6b\xb9\x09\xe1\x69\x48\xb4\xb5\xd2\x37\x09\x97\x16\xf5\x8c\xa5\x18\x38\x75\xeb\x77\x3d\x70\x49\x0c\xaf\x3f\xfd\xc0\xe9\xef\x81\x03\xae\x47\xef\xc9\xb2\x4c\xa3\x31\x68\x76\x92\xe6\xc5\x78\x50\x7d\x17\x03\x91\xa5\x10\x04\x9e\xc3\x97\xbb\x2c\xbf\xc2\x39\x38\xc3\xb6\x26\x8c\xdb\x64\xa6\x74\x22\x90\x19\x5c\x57\xcb\xe7\x3f\xd7\xac\x58\xf0\xb4\x7b\xf7\x1b\xde\x25\x31\x90\x4a\xa6\x24\xbc\x13\x1a\x8b\x32\xf1\xdb\x31\x90\x40\x9b\x74\x28\xa9\x92\x46\x09\xdc\x0d\x52\xd8\x65\x98\x00\x5e\xba\x49\xa1\xfc\xcb\x25\x39\x23\xdd\xdb\x61\x68\x7c\xc2\x8b\xea\x71\x3b\x62\xbd\x42\x07\x72\x68\x5b\x83\xf6\x83\x98\x9e\xd2\xad\x93\xa3\x67\xb4\x2f\xe7\xa4\xf9\x37\x00\x00\xff\xff\x10\xa2\x78\xe2\xed\x0e\x00\x00"),
		},
		"/terraform/aarch64/generalos/openstack": &vfsgen۰DirInfo{
			name:    "openstack",
			modTime: time.Date(2025, 12, 10, 11, 12, 58, 290511333, time.UTC),
		},
		"/terraform/aarch64/generalos/openstack/master.tf.template": &vfsgen۰CompressedFileInfo{
			name:             "master.tf.template",
			modTime:          time.Date(2025, 12, 11, 5, 38, 39, 731457286, time.UTC),
			uncompressedSize: 4802,

			compressedContent: []byte("\x1f\x8b\x08\x00\x00\x00\x00\x00\x02\xff\xcc\x58\x6d\x4f\xe3\xc6\x13\x7f\x9f\x4f\x31\x7f\xeb\xff\x02\x4e\xc5\x17\x12\x0e\x68\x25\x54\x51\xae\x6a\x91\x7a\x27\x84\xca\x9b\x9e\x2a\x6b\xb1\x27\x61\x95\xb5\x77\xbb\x0f\x3e\x38\xe4\xef\x5e\xed\x83\x1d\xdb\x71\x88\xe1\x40\xaa\x10\xc2\x9e\x9d\xf9\xfd\x66\x66\x77\x76\xc6\x68\x94\x92\x2c\xb8\xcc\xe1\x71\x02\x20\xf1\x1f\x43\x25\x66\x89\x90\xbc\xa4\x19\x4a\xe5\xc4\x00\x5c\x60\xa1\x34\x49\x57\x70\x16\x24\x00\x8a\x1b\x99\x22\x9c\x41\xd4\x80\x1c\xd4\x76\x07\x8d\xc1\xfb\xe6\x29\x0a\x76\x25\x4a\x45\x79\x61\x0d\x67\xf1\x34\x9e\x7a\x79\x35\xb1\xbf\xd5\x64\x52\x43\x40\xb4\xb6\x74\x9c\x46\xa1\x4c\x0a\x92\x23\x80\xb5\x7d\x7c\x8c\xaf\x18\xd1\x96\x36\xbe\x51\x28\xed\x4a\x55\x59\x30\x41\x94\xfa\xca\x65\x06\x9b\x8a\x57\x61\xc9\x2b\x6a\x2c\x48\xa1\x3d\x66\x4f\xf1\x4f\xb7\xf4\xb9\xc1\x24\x46\xdf\x25\x46\xb2\x01\xcc\x73\xa3\xef\x6e\xae\xff\xf0\x7a\x12\x97\x36\x36\x18\xd0\xbb\x76\x4b\x56\xad\x9a\x4c\x24\x86\xf4\x45\x92\x14\x19\xcf\x13\x9a\x45\x10\x95\xfe\xaf\x8d\xf6\xf6\x41\x63\xc2\xb0\x58\xea\x3b\x38\x83\x53\x6b\x53\x12\x49\xc9\x2d\x43\x88\x52\x66\x94\x46\xd9\x28\xeb\x07\x81\x9e\x51\x69\x49\x8b\xe5\x04\x20\xc3\x05\x31\x4c\x07\x27\x2e\xbc\xc1\xe5\xc7\x40\xbf\x86\xa2\x36\xc5\x45\x8a\x49\xca\x4d\xa1\x47\xc2\x7d\x22\x16\x2d\xbe\xb0\x26\x01\x91\xf1\x94\x30\x65\xad\x1b\xc4\x3b\xae\x74\xc8\xed\xda\xe6\xf7\x20\xac\xaa\x6d\x7e\x08\xd3\xf7\x82\x51\xa5\xf7\xbc\x2b\xfb\x1d\x5f\x5a\xae\x5c\xdd\x6c\x45\x94\x24\x7f\x01\xe2\xf5\xf9\xa7\xad\x88\x19\x55\xab\x17\x40\x7e\xa4\x6a\xb5\x15\x93\x2b\x9a\x93\x25\x8e\xdc\x81\xe6\x54\xfd\xc6\xac\x75\x7d\x50\x3b\xd0\xa4\x24\x94\x91\x5b\xca\xa8\x7e\x48\xbe\xf1\xe2\xd9\xd8\xe7\x2d\x80\xbf\x78\x81\xdb\x0f\x8f\xad\xcd\x8c\x68\xf2\x82\xa4\xfc\xc2\xb9\xbe\xe0\xc5\x82\x2e\x37\x53\xa3\x6d\x59\xb3\xa4\x40\xfd\x5c\xd7\x2f\x83\xed\x67\xd4\x5f\xb9\x5c\x6d\xf7\x9c\x8a\x17\xf8\x7c\x79\xd5\xf7\x15\xef\x5f\xee\xeb\xaf\xf7\x43\xbe\xae\x6f\x88\xe6\x1e\x4c\x52\x9e\x0b\xa3\x31\x59\x30\x52\x72\x99\x94\xb3\x08\x22\xff\xec\x39\x5d\x0d\x87\xbb\xa7\x24\x32\xee\x16\xf7\x04\x20\x5c\x9f\x3e\x4e\x5b\xb1\xf1\x46\xb5\x7e\x71\xba\x31\x2d\x32\xbc\xff\x7b\x02\x50\xa6\xc2\xa8\x41\x4c\x61\xfa\xba\x92\xe4\x00\x43\xba\x92\xe4\x7d\x5d\x5b\x43\x83\xba\x76\xa1\xaf\x4c\x55\x22\xcc\x2d\xa3\xa9\x6b\x37\xd2\xe0\xd6\x14\xdd\x32\x9e\xae\x94\xe6\x92\x2c\x31\x29\x39\x33\x39\x26\xe5\xdc\xde\xad\xee\xb9\x9d\xa7\x27\x73\x34\x3a\x3f\x8a\x7e\xc3\x11\x31\xec\xd8\x51\x85\xe9\x52\x72\x23\xfc\x9e\xd6\x6f\xde\xdb\xf5\xa6\xb9\x9e\xf2\xff\x47\x4b\xb5\x6e\x01\xd5\x41\xee\x4e\x65\xe4\x4e\x98\x4a\x25\x15\x3a\xf4\xd7\x1a\x07\x16\x5c\xc2\xea\x54\x41\xad\x69\xf7\xca\x30\x0c\xbd\x7c\x21\x79\x9e\x08\x2e\xb5\x23\x98\xcd\x9c\x50\xf3\x5a\xd4\x12\x52\x61\x47\x03\xcd\x53\xce\xdc\x4e\xa4\xc2\x77\xef\x94\x66\xb2\xe5\xe2\x34\x76\x3f\xef\x5d\x6f\xaf\x9e\x64\x3b\x38\x1c\x60\x0b\xc2\x1e\x1b\x4d\xf3\xef\xa6\x3b\x9d\x0e\xd0\x05\xe1\xeb\x07\x77\x74\x34\x1f\xa0\xab\xa5\xaf\xcf\x37\x9b\x9f\xfc\x38\xb4\x79\xf3\x37\x8b\xf0\x70\x90\xb0\x96\xbe\x3e\xdf\xf1\x70\x4a\x8f\xdf\x2e\xa7\x87\xd3\xd9\xd1\xe9\x50\x8c\x8d\xfc\x4d\x38\x3f\x4c\x87\x39\x3f\xbc\xd5\x4e\xce\xa7\xd3\xe9\x10\xe7\x7c\x76\x72\x7c\xf2\x5f\xe1\x34\xd9\x28\xce\x1d\x97\x6d\x73\x4d\xbb\xcb\xb6\x7e\xeb\xb7\x50\x80\xe1\x5e\xb6\xd9\x4b\x5b\x57\xb3\xe6\xbe\xdb\xef\x75\xef\xe8\xfd\xea\xa0\xb5\x36\xa6\xb3\xec\xbb\xcf\x09\x37\x12\x26\x1d\xa6\x9e\x37\x61\x6c\x9c\x00\x84\xa1\xa0\xdb\x2d\xc6\x36\x31\x4c\x8d\xb4\x63\xa2\x6b\x17\xca\xdb\x7e\x79\xb2\x4d\xc5\xf5\x73\x6c\x01\x2d\xc8\xc6\xbc\x59\x3b\xbb\xb1\x50\x7f\xcd\xd9\x91\xb1\x9d\x40\x8d\xb9\x60\x44\xe3\x82\x32\xdc\xeb\x84\x59\x0f\x98\x1d\xc7\x7f\x80\x47\x68\x7d\x64\x8c\x89\x15\xaa\x7d\x7b\x22\x0b\x3f\x6a\x85\x43\xd9\x4d\x99\xe7\x5d\x8f\x73\xfe\xdc\xd2\x7b\xcc\x12\x2a\x92\xf2\xa8\xbf\x03\x54\x74\x19\xfe\x77\x06\x51\x61\x18\x8b\xe0\xe7\xa7\x15\x7f\x02\xab\xf6\xd4\x81\x0d\x6e\xd2\x62\x99\x2c\x18\x27\x9a\x16\x4b\x2a\xea\xb1\xcf\xbe\x8b\x11\xf3\x8c\xe0\x9c\xd5\x71\xb5\xc7\xd4\xdd\x43\x66\xc3\x48\x94\xe2\x29\x25\x3a\x54\xcc\xa2\x2d\xda\x2c\x9b\x2d\x7e\xd4\x78\x09\x15\x70\x06\xbb\x83\x8c\x43\x88\xf1\xbb\x98\x64\x99\x44\xa5\x36\xa6\xc2\x26\xb3\x59\x07\x71\xa0\xce\x1b\x77\xe2\x77\x31\xcd\x9e\x35\x9a\x85\x21\x92\x68\x4d\xd2\x3b\x9f\x80\x8e\x68\x74\x02\x5e\xc9\x5d\x80\x40\x4f\x33\xc7\xb5\x6b\xf6\x8d\xfd\xd3\x70\xe0\xdc\x68\x61\x74\xfb\x7b\xa8\x58\x70\x1f\x51\x49\x98\xc1\xe6\xff\x3d\x4d\x45\xf4\x76\x6f\x87\xf3\x61\x73\xe3\x69\xdc\xaa\x20\x5f\x51\xdf\x7d\x1c\x7c\xe5\xfc\x1b\x00\x00\xff\xff\x88\x13\xa0\xf6\xc2\x12\x00\x00"),
		},
		"/terraform/aarch64/generalos/openstack/worker.tf.template": &vfsgen۰CompressedFileInfo{
			name:             "worker.tf.template",
			modTime:          time.Date(2025, 12, 11, 5, 39, 3, 59739135, time.UTC),
			uncompressedSize: 4786,

			compressedContent: []byte("\x1f\x8b\x08\x00\x00\x00\x00\x00\x02\xff\xcc\x58\x7b\x4f\xe3\x46\x10\xff\x3f\x9f\x62\x6a\xf5\x0f\x38\x15\x5f\x48\x38\xa0\x95\xa2\x8a\x72\x55\x8b\xd4\x9e\x10\x2a\xaa\xd4\x53\x65\x2d\xf6\x24\xac\xb2\xf6\x6e\xf7\x61\xe0\x90\xbf\x7b\xb5\x0f\x3b\xb6\xe3\x90\xc0\x81\x74\x42\x08\x7b\x76\x66\x7e\xf3\xd8\x79\x18\x8d\x52\x92\x39\x97\x39\x3c\x8e\x00\x24\xfe\x67\xa8\xc4\x2c\x11\x92\x97\x34\x43\xa9\x1c\x19\x80\x0b\x2c\x94\x26\xe9\x12\x66\x81\x02\xa0\xb8\x91\x29\xc2\x0c\xa2\x46\xc9\x41\x2d\x77\xd0\x08\xbc\x6f\x9e\xa2\x20\x57\xa2\x54\x94\x17\x56\x70\x12\x8f\xe3\xb1\xa7\x57\x23\xfb\x5b\x8d\x46\xb5\x0a\x88\x56\x92\x0e\xd3\x28\x94\x49\x41\x72\x04\xb0\xb2\x8f\x8f\xf1\x25\x23\xda\xc2\xc6\xd7\x0a\xa5\x3d\xa9\x2a\xab\x4c\x10\xa5\xee\xb8\xcc\x60\x9d\xf1\x32\x1c\x79\x46\x8d\x05\x29\xb4\xd7\xd9\x63\xfc\xcb\x1d\x7d\x6a\x74\x12\xa3\x6f\x13\x23\xd9\x80\xce\x33\xa3\x6f\xaf\xaf\xfe\xf0\x7c\x12\x17\xd6\x37\x18\xe0\xbb\x72\x47\x96\xad\x1a\x8d\x24\x86\xf0\x45\x92\x14\x19\xcf\x13\x9a\x45\x10\x95\xfe\xaf\xf5\xf6\xe6\x41\x63\xc2\xb0\x58\xe8\x5b\x98\xc1\xa9\x95\x29\x89\xa4\xe4\x86\x21\x44\x29\x33\x4a\xa3\x6c\x98\xf5\x83\x40\x8f\xa8\xb4\xa4\xc5\x62\x04\x90\xe1\x9c\x18\xa6\x83\x11\xe7\x5e\xe0\xe2\x63\x80\x5f\xa9\xa2\x36\xc4\x45\x8a\x49\xca\x4d\xa1\xbd\xba\xae\xec\xdf\x5c\x2e\x51\xc6\xe7\xf6\x3c\x88\x33\x9e\x12\xa6\x2c\x6b\x23\x7e\xcb\x95\x0e\x81\x5c\xc9\xfc\x1e\x88\x55\xb5\x09\x54\x98\xbe\x07\x8c\x2a\xbd\xe7\xdd\xd8\xef\xd8\xd2\x32\xe5\xf2\x7a\xa3\x46\x49\xf2\x17\x68\xbc\x3a\xfb\x73\xa3\xc6\x8c\xaa\xe5\x0b\x54\x7e\xa4\x6a\xb9\x51\x27\x57\x34\x27\x0b\xdc\x31\x7b\xcd\x15\xfa\x8d\x59\xe9\xfa\x56\x76\x54\x93\x92\x50\x46\x6e\x28\xa3\xfa\x21\xf9\xc2\x8b\x67\xeb\x3e\x6b\x29\xf8\x87\x17\xb8\xf9\xa6\xd8\x42\xcc\x88\x26\x2f\x08\xca\x2f\x9c\xeb\x73\x5e\xcc\xe9\x62\x3d\x34\xda\xd6\x30\x4b\x0a\xd4\xcf\x35\xfd\x22\xc8\x7e\x42\x7d\xc7\xe5\x72\xb3\xe5\x54\xbc\xc0\xe6\x8b\xcb\xbe\xad\x78\xff\x72\x5b\x7f\xbd\x1f\xb2\x75\xd5\x0e\x9a\xa6\x97\xa4\x3c\x17\x46\x63\x32\x67\xa4\xe4\x32\x29\x27\x11\x44\xfe\xd9\x63\xba\x82\x0d\x8d\xa6\x24\x32\xee\x56\xf2\x08\x20\xf4\x4a\xdf\x89\xbe\x7f\xd4\xdc\xdb\xb6\x67\x99\x57\x1d\x64\xbf\x3a\x68\x9d\xb9\xca\x8e\xd7\xaa\xfa\xb3\xd3\x19\xd3\x22\xc3\xfb\x7f\xf7\x5d\xa7\x2b\x53\x61\xd4\x20\xbc\x30\x1d\x76\xdb\x15\x49\x0e\x30\xc4\x2b\x49\xde\xe7\xb5\xe5\x36\xc8\x6b\x0f\xfa\xcc\x54\x25\xc2\xdc\x30\x9a\xba\x31\x24\x0d\x6e\x8c\xe6\x0d\xe3\xe9\x52\x69\x2e\xc9\x02\x93\x92\x33\x93\x63\x52\x4e\x6d\xcf\x75\xcf\xed\x90\x3e\x19\xce\x19\xec\x12\xa2\x11\x80\xa2\x5f\x70\x07\x1f\xb6\x24\x5f\x61\xba\x90\xdc\x08\x9f\xfe\xfa\xcd\x5b\xbb\xca\x6f\xc8\x70\x37\xb1\xd5\xc1\x9d\xbb\xc0\x91\xbb\x8c\x2a\x95\x54\xe8\x30\x77\x6b\x3d\x30\xe7\x12\x96\xa7\x0a\x6a\x4e\x9b\x2b\xc3\x30\xcc\xf8\xb9\xe4\x79\x22\xb8\xd4\x0e\x60\x32\x71\x44\xcd\x6b\x52\x8b\x48\x85\x5d\x19\x34\x4f\x39\x73\x99\x48\x85\x9f\xea\x29\xcd\x64\xcb\xc4\x71\xec\x7e\xde\xbb\x99\x5f\x3d\x89\x76\x70\x38\x80\x16\x88\x3d\x34\x9a\xe6\x5f\x0d\x77\x3a\x1e\x80\x0b\xc4\xd7\x77\xee\xe8\x68\x3a\x00\x57\x53\x5f\x1f\x6f\x32\x3d\xf9\x71\x28\x79\xd3\x37\xf3\xf0\x70\x10\xb0\xa6\xbe\x3e\xde\xf1\x70\x48\x8f\xdf\x2e\xa6\x87\xe3\xc9\xd1\xe9\x90\x8f\x0d\xfd\x4d\x30\x3f\x8c\x87\x31\x3f\xbc\x55\x26\xa7\xe3\xf1\x78\x08\x73\x3a\x39\x39\x3e\xf9\x56\x30\x4d\xb6\x13\xe6\x96\x66\xdb\xb4\x69\xd7\x6c\xeb\xb7\xfe\xb4\x05\x18\x9e\x65\xeb\x63\xb7\xc5\xb9\xe3\xd0\x70\x5b\x61\xd2\xd1\xd0\x43\x09\x9b\xe3\x08\x20\xec\x05\xdd\x29\xb0\xeb\x70\xc2\xd4\x48\xbb\x29\xba\x31\xa0\xbc\xec\xe7\x27\xc7\x4f\x5c\x3f\xc7\x56\xa1\x55\xb2\xb6\x72\xd6\xc6\xae\x1d\xd4\x5f\x6f\x76\x6b\x6c\x47\x45\x63\x2e\x18\xd1\x38\xa7\x0c\xf7\x3a\x6e\xd6\x3b\x66\xc7\xf0\x1f\xe0\x11\x5a\xdf\x19\xbb\xf8\x0a\xd5\xbe\xbd\x69\x85\xdf\xb6\xc2\x65\xeb\x86\xcc\xe3\xae\x36\x3a\x7f\x1f\xe9\x3d\x66\x09\x15\x49\x79\xd4\xcf\x00\x15\x5d\x84\xef\x66\x10\x15\x86\xb1\x08\x7e\x7e\x9a\xf1\x27\xb0\x6c\x4f\x5d\xc4\x60\x26\x2d\x16\xc9\x9c\x71\xa2\x69\xb1\xa0\xa2\xde\xfc\xec\xbb\xd8\x61\x4f\x11\x9c\xb3\xda\xaf\xf6\xa6\xba\x7d\xcf\x6c\x10\x89\x52\x3c\xa5\x44\x87\x4a\x98\xb7\x49\xeb\xe5\xb0\xc1\x8e\x5a\x5f\x42\x05\xcc\x60\xbb\x93\x71\x70\x31\x7e\x17\x93\x2c\x93\xa8\xd4\x5a\x75\x34\x91\xcd\x3a\x1a\x07\xea\xb7\x31\x27\x7e\x17\xd3\xec\x59\x2b\x57\x58\x0e\x89\xd6\x24\xbd\xf5\x01\xe8\x90\x76\x0e\xc0\x2b\x99\x0b\x10\xe0\x69\xe6\xb0\xb6\xed\xb4\xb1\x7f\x1a\x76\x9c\x1b\x2d\x8c\x6e\x7f\x12\x15\x73\xee\x3d\x2a\x09\x33\xd8\xfc\x7f\xa7\xa9\x88\x5e\xf6\xb6\x18\x1f\x92\x1b\x8f\xe3\x56\x05\xf9\x8a\xfa\xea\xeb\xe0\x2b\xe7\xff\x00\x00\x00\xff\xff\x23\xb1\x3a\x70\xb2\x12\x00\x00"),
		},
		"/terraform/aarch64/nestos": &vfsgen۰DirInfo{
			name:    "nestos",
			modTime: time.Date(2025, 12, 10, 11, 12, 58, 290511333, time.UTC),
		},
		"/terraform/aarch64/nestos/libvirt": &vfsgen۰DirInfo{
			name:    "libvirt",
			modTime: time.Date(2025, 12, 10, 11, 12, 58, 290511333, time.UTC),
		},
		"/terraform/aarch64/nestos/libvirt/master.tf.template": &vfsgen۰CompressedFileInfo{
			name:             "master.tf.template",
			modTime:          time.Date(2025, 12, 11, 5, 39, 26, 76010939, time.UTC),
			uncompressedSize: 3296,

			compressedContent: []byte("\x1f\x8b\x08\x00\x00\x00\x00\x00\x02\xff\x9c\x57\x4d\x6f\xe3\x36\x10\xbd\xfb\x57\x4c\x89\x3d\x6c\x82\x46\x49\x8b\x45\x5b\x14\x30\x8a\xd6\x01\x5a\x1f\x16\x0d\xd2\xee\x69\x11\x08\x8c\x34\x96\x09\x53\xa4\x4a\x52\x4a\x5d\x43\xff\xbd\x18\x92\xfa\xb2\xe5\xac\x37\x0b\x6c\x24\x53\x33\x6f\x9e\x1e\xe7\x0d\x6d\x87\xc6\xf0\x8d\x36\x25\x1c\x16\x00\x06\xff\xa9\x85\xc1\x3c\xad\x8c\x6e\x44\x8e\xc6\xfa\x65\x00\x29\x9e\x1b\x61\x1c\x2c\xe3\x67\x00\xab\x6b\x93\x21\x2c\x81\xe5\x25\xcf\x1a\x91\x71\x73\x1b\xa3\x58\x0c\x69\xd0\x58\xa1\x15\xc5\xdc\x25\x3f\x26\x3f\x84\xf5\x76\x41\xff\xdb\xc5\xa2\xab\x01\xac\xcb\xf3\xe0\xb5\x11\x94\x71\x38\x24\x0f\x92\x3b\xa2\x96\x7c\x7a\x5c\xb7\x2d\xa3\x1c\x83\xb1\x2e\x33\x5c\xe5\xba\x4c\x45\xce\x80\x35\xe1\x4a\xd9\xcf\x7b\x87\xa9\x44\x55\xb8\x2d\x2c\xe1\x27\xca\x69\xb8\x11\xfc\x59\x22\xb0\x4c\xd6\xd6\xa1\xe9\x83\xdd\xbe\x42\xa2\xb4\x04\xeb\x8c\x50\xc5\x02\x20\xc7\x0d\xaf\xa5\x8b\x0c\x56\x21\x61\x7d\x1f\xcb\x0f\x50\x42\x59\xc7\x55\x86\x69\xa6\x6b\xe5\x2e\x84\xfb\xc8\x09\x2d\x59\x51\x4a\x44\x94\x3a\xe3\xd2\x52\x76\x8f\xb8\xd5\xd6\x29\x5e\x92\xb6\x43\xce\x1f\x71\xb1\x6d\xcf\xf0\x10\xd5\x31\x09\x29\xac\x7b\x1f\x98\x5c\x4d\xa8\x0c\xa8\xeb\x87\x63\xbc\x5e\xa2\xaa\xf9\x90\x66\x22\x37\x17\xbe\x5a\xbf\x57\xab\xf5\xfd\xe3\x89\x5a\x13\xd4\x82\x3b\x7c\xe1\xfb\xaf\x05\xfe\x3d\xa4\xbd\xb2\x13\x55\xfd\x06\x09\x56\x0f\x9f\xce\x6a\x6a\x78\xf9\x06\xc4\xc7\x5f\x3f\x9e\x45\xcc\x85\xdd\xbd\x01\xf2\x5e\xd8\xdd\xf9\x9d\x2f\xd4\x1b\x20\x7f\xd3\xda\xad\xb4\xda\x88\x22\x00\x0f\xce\x8a\x6e\x4c\x2b\xad\x25\x03\x16\x2e\x84\x1f\x9b\x92\xbd\x3b\x34\xdc\x24\x83\x99\xda\x1b\x1f\xd3\x31\xa0\x91\x20\x0c\x7d\xac\xb8\x77\x21\xbb\x6d\xc2\x70\xe8\x06\xc4\xad\x28\x79\x81\xf6\xf6\x04\x88\xcd\x33\x69\xb4\xac\x4b\x24\xa3\xc7\x9b\x9e\x0d\xcc\xf3\x89\x71\x44\x41\x6b\x19\x25\x19\xde\x2a\xf1\x7f\x08\x60\x31\x1e\x64\xe3\x6e\xfb\xf3\xaf\x35\x71\x6c\xbf\x48\x69\xd8\x51\x3f\x09\xa0\xff\xb7\x04\x62\x35\x9d\x13\x03\xed\x21\x8a\xbd\x3b\xf8\x21\x90\x9c\x0c\x80\xcf\x3e\x27\x11\x2a\xc7\x7f\x9f\xda\x1b\x5f\x89\x46\x1c\xb7\x18\xeb\xa7\x22\x1f\xbd\x5a\x58\x4b\xe2\x45\xe4\xc3\xeb\x0f\xd5\xce\xcb\x20\xfe\x9b\xf2\x9a\xb0\xa7\xda\x13\x3a\x70\x0d\xdf\xdd\x7d\xff\x61\x7a\x99\x97\x4a\x14\x4a\x38\xa1\x15\x03\x36\xdc\x8e\x05\xfb\x82\x52\x5f\x21\x51\x8f\x3f\x7a\xf5\x57\xde\x39\xd3\xca\xa1\x22\x5f\x38\x2c\x2b\xc9\x1d\x6e\x84\xc4\xf7\x13\x36\xa2\x50\x93\x22\xdf\xc2\x01\x46\x13\xfa\x12\x5e\xd0\x5e\xcd\x2b\xa3\xd0\xbd\x68\xb3\x63\xc0\xfa\xbb\xc3\xa4\x45\x66\x9b\x5b\xa1\x3f\x61\x4b\x9d\x0f\x51\x8a\xfb\xb5\x5c\x97\x5c\xa8\x73\x99\x89\x27\x4b\x71\x3c\xcf\x0d\x5a\x8b\x16\x96\xf0\x79\x12\xd5\x8d\xfd\xa7\x05\xc1\x6d\xb3\x2a\x1e\xf8\xa8\x68\xea\x50\xb7\x39\x53\xa3\x3f\xc2\x29\x40\xd9\xa3\xe7\xbe\x74\x0c\x81\xa0\x4e\xaa\x95\xdc\x1f\x25\x1a\x5d\x3b\xec\x72\xa9\xde\xd0\x73\x27\x54\x7c\x4c\x3c\x34\xe6\x62\xe2\xa3\x0e\x9a\xd7\x4e\x5b\xc7\xfd\x97\x15\x5f\x72\x56\xfa\xa0\x94\x57\xde\x3a\x6d\x67\x1d\x7c\xa1\x85\x83\xd6\x54\x94\xe6\xed\xfb\xa9\xe8\x57\xed\xcd\xe8\xd9\x25\xdd\x72\xd5\xd2\x0e\x65\x55\x1d\xd5\xf1\xfb\xbc\x04\x46\xc1\x37\x15\xb7\xd6\x6d\x8d\xae\x8b\x2d\x5b\x84\xef\x52\x0d\x85\xbe\x42\xba\xaa\x27\xf0\xd4\x39\x58\x6a\xb3\x3f\x9b\x61\x78\x79\x9c\x91\x69\x83\xda\xf6\x4e\x1e\x79\xaa\x5b\x4a\xfa\x9b\xeb\x44\xe4\x27\x15\x79\xb6\x15\x0a\xc7\x8a\xf9\x93\xc8\xaf\xfe\xbd\xaf\xfc\x9c\x1d\x6f\x5d\x17\x16\x7b\xa6\x3b\xd9\x46\xf9\xbb\xa6\x64\xbe\x05\x85\xdd\x45\xa5\x5e\x99\x89\x14\x35\xcb\xcc\xb7\x4c\x74\x5f\x2a\x94\x43\xb3\xe1\x19\x46\xc0\x6e\xbd\x3f\x6a\x8e\x8c\x9b\xf4\xd7\x30\x4f\x60\x98\x0c\xfd\xbc\xbd\x60\xc7\x7d\xe6\x60\xc9\xb9\x3d\x11\xd5\x74\xa2\x7c\x43\x9e\xaf\xa5\x64\xf0\x4b\x30\xf0\xb9\xc8\x27\xf8\x19\x28\xd0\xd7\x78\xe1\xc2\xa5\x1b\x6d\x52\x89\xdc\xe2\x91\x25\x0b\xc3\xab\xad\xc8\x3a\x53\x8e\x25\x5f\x02\x6b\x54\xc6\xe2\x2f\x01\xeb\x50\xa5\xdd\x49\x1f\x69\xb3\x0e\x25\xd3\xca\x6a\x89\xf3\x20\x95\xdb\x07\x10\xc7\x4d\x81\x34\x90\xbd\x4b\xd9\x1d\xeb\x7e\x13\xe8\xda\x55\xb5\x03\x46\xc6\x0e\x9e\x6c\xb8\xac\x71\x24\x7d\x30\x6e\x12\x6c\x9b\x5c\x27\x27\x7b\x97\xdc\x25\xbd\x96\x8b\xf6\xff\x00\x00\x00\xff\xff\x3e\xca\xa6\x73\xe0\x0c\x00\x00"),
		},
		"/terraform/aarch64/nestos/libvirt/worker.tf.template": &vfsgen۰CompressedFileInfo{
			name:             "worker.tf.template",
			modTime:          time.Date(2025, 12, 11, 5, 39, 39, 136162502, time.UTC),
			uncompressedSize: 2595,

			compressedContent: []byte("\x1f\x8b\x08\x00\x00\x00\x00\x00\x02\xff\x9c\x56\xc1\x6e\xe3\x36\x10\xbd\xeb\x2b\xa6\xc4\x1e\x92\xa0\x51\xd3\x62\xd1\x16\x05\x8c\xa2\xcd\x1e\x9a\xc3\xa2\xc1\xb6\x8b\x1e\x16\x0b\x81\x91\xc6\xf2\xc0\x14\xa9\x0e\x49\xa5\xae\xa1\x7f\x2f\x48\xd1\x96\x14\xdb\xa9\xd7\x01\x02\xc9\xe4\xcc\x9b\xc7\xc7\x37\x14\x1d\x32\xcb\xa5\xe1\x06\xb6\x19\x00\xe3\xdf\x9e\x18\xab\xa2\x65\xd3\x51\x85\x6c\xe3\x30\x80\xa2\xa7\x8e\xd8\xc1\x22\xfd\x06\xb0\xc6\x73\x89\xb0\x00\x51\x35\xb2\xec\xa8\x94\xfc\x4d\x8a\x12\x29\xa4\x43\xb6\x64\x74\x88\xb9\xcb\x7f\xc8\xbf\x1f\xc6\xfb\x2c\xfc\xf7\x59\xb6\xab\x01\x62\x97\x17\xc1\x3d\x53\xc8\xd8\x6e\xf3\x47\x25\x5d\xa0\x96\x7f\xfc\xf0\xd0\xf7\x22\xe4\x30\xa6\xba\x82\xa5\xae\x4c\x53\x50\x25\x40\x74\xc3\x33\x64\x3f\x6d\x1c\x16\x0a\x75\xed\x56\xb0\x80\x1f\x43\x4e\x27\x99\xe4\x93\x42\x10\xa5\xf2\xd6\x21\xef\x83\xdd\xa6\xc5\x40\x69\x01\xd6\x31\xe9\x3a\x03\xa8\x70\x29\xbd\x72\x89\xc1\xfd\x90\xf0\xf0\x2e\x95\x1f\xa1\x48\x5b\x27\x75\x89\x45\x69\xbc\x4e\xcc\xe7\xb9\x7f\x19\x5e\x23\xe7\xf7\x61\x3e\xa5\x2b\x53\x4a\x65\x43\xe8\x3e\x7d\x65\xac\xd3\xb2\x09\x42\x8e\x39\xbf\xa5\xc1\xbe\x3f\x51\x94\xda\x97\x0b\x50\x64\xdd\xd5\xb0\x8a\xeb\x19\x95\x11\xf5\xe1\xf1\x24\x5e\xd9\xfa\x0b\x00\xef\x1f\x3f\x9e\x44\x64\xd9\x5c\x80\xf8\xe1\x97\xf7\x27\x11\x2b\xb2\xeb\x0b\x20\xdf\x91\x5d\x9f\xd6\xb1\xd6\x17\x40\xfe\x6a\x8c\xbb\x37\x7a\x49\xf5\x00\x3c\x9a\x32\x19\xb9\xe8\x8c\xf2\x0d\x06\x67\xa6\x97\x50\x23\x6e\x73\x28\x21\xde\x6c\x3b\xc9\xf9\xe8\xc6\xfe\x36\xc5\x65\x00\xad\x31\xea\x54\x54\x98\x0b\x31\x63\xef\x4d\xbb\xe4\xf7\x3f\x1e\x1a\x59\xe3\x41\xa7\x1c\x90\x1a\x95\x8c\xe6\x85\xc9\xdf\x02\x42\xcd\xb9\xb9\x47\xea\xd3\x38\xf1\x66\x1b\xed\x9c\x1f\x58\xf9\x53\xcc\xca\x49\x57\xf8\xcf\xe7\xfe\x36\x56\x0b\x9d\x29\x2d\x26\x0e\x45\x72\xfc\x39\x42\xbc\xa8\x79\x52\x12\xfa\xf7\x25\xc3\xd9\x4a\x02\x8b\x19\x31\xb8\x81\x6f\xef\xbe\x7b\x3b\x7f\x1c\x17\x8e\x6a\x4d\x8e\x8c\x16\x20\xc6\xd7\xa9\x7c\xff\xa3\xda\x17\x88\xb5\xc7\x9f\x08\xf0\xea\xba\x4b\xa3\x1d\xea\xe0\x4f\x87\x4d\xab\xa4\xc3\x25\x29\xbc\x9a\xf1\xa1\x5a\xcf\xca\x7c\x0d\x5b\x98\x9c\x3b\xe7\x30\x83\xfe\xfa\xb8\x36\x95\x69\x24\x05\x65\x34\x5a\x67\xec\x71\x5b\x9d\xe9\xaa\xb8\x50\x67\x86\xe6\xbb\x9a\xaf\xf8\xba\xbf\x9d\xcc\x9d\x43\xf9\xba\x8f\xfa\xb4\x3e\x7d\xb2\x1a\x53\x45\xcf\x85\xe0\xdb\x56\x5a\xeb\x56\x6c\x7c\xbd\x12\xd9\xf0\x4d\xea\x42\xe8\x2b\xa4\x5b\x3f\x83\xcf\x00\x1a\x6c\x0c\x6f\x4e\x66\xb0\x6c\x5e\x66\x94\x86\xd1\xd8\xbd\xa1\xe2\x71\x33\xf7\x58\xbe\x7f\xb9\xc9\xa9\x3a\xa8\x28\xcb\x15\x69\x9c\x2a\xb6\xdd\xe6\xef\x87\xd1\x3f\x37\x6d\x6c\x7e\x00\xe9\x83\x52\x92\xdd\x3e\xcc\xb1\xc7\xc9\x31\x37\xc9\x5f\x77\x8d\xc8\xc2\x41\x47\x76\x9d\x94\x4a\x4d\x4a\xd5\x84\xdf\x30\x96\x87\xa8\xa3\xcc\xfa\x80\xa1\xd1\x3d\x1b\x5e\x17\xa4\x1d\xf2\x52\x96\x98\x00\x77\xe3\xaf\x9d\x80\x1a\xd3\xbd\x61\xef\xcc\x1d\xc5\x73\x36\x3b\x66\xca\xaa\x62\xb4\x16\xed\xd1\xed\xa0\x76\xee\xe8\xaf\x16\x20\xb4\x57\x4a\xc0\xcf\xf0\xe9\xb5\xc8\xcf\xf0\x13\x84\xc0\x58\xe3\x59\x92\x2b\x96\x86\x0b\x85\xd2\xe2\xa8\x6c\x5c\x7f\xcd\xb2\x5d\x51\xb9\xbb\x34\x4d\xd5\x5e\x80\xe8\x74\x29\xd2\x65\xca\x3a\xd4\x45\x9c\x5e\x80\x48\xb4\xc5\x0e\xa5\x34\xda\x1a\x85\xc7\x41\x5a\xb7\x19\x40\x9c\xe4\x1a\x5d\xd1\x9a\x78\x2b\x13\x77\x62\x77\xad\x32\xde\xb5\xde\x81\xa0\xb6\x7b\x3b\xb4\x63\x27\x95\xc7\xc9\x5e\x0e\x3d\x9b\x0f\x1d\x9b\xdf\xe4\x07\xdb\x96\xdf\xe5\x7b\x2d\xb3\xfe\xbf\x00\x00\x00\xff\xff\x6f\xe7\xf6\x0d\x23\x0a\x00\x00"),
		},
		"/terraform/aarch64/nestos/openstack": &vfsgen۰DirInfo{
			name:    "openstack",
			modTime: time.Date(2025, 12, 10, 11, 12, 58, 290511333, time.UTC),
		},
		"/terraform/aarch64/nestos/openstack/master.tf.template": &vfsgen۰CompressedFileInfo{
			name:             "master.tf.template",
			modTime:          time.Date(2025, 12, 11, 5, 39, 52, 912320349, time.UTC),
			uncompressedSize: 4805,

			compressedContent: []byte("\x1f\x8b\x08\x00\x00\x00\x00\x00\x02\xff\xcc\x58\x6d\x4f\xe3\xc6\x13\x7f\x9f\x4f\x31\x7f\xeb\xff\x02\x4e\xc5\x17\x12\x0e\x68\xa5\xa8\xa2\x5c\xd5\x22\xf5\x4e\x08\x95\x37\x3d\x55\xd6\x62\x4f\xc2\x2a\x6b\xef\x76\x1f\x7c\x70\xc8\xdf\xbd\xda\x07\x3b\x76\xe2\x10\x93\x03\xa9\x42\x08\x7b\x76\xe6\xf7\x9b\x87\x9d\xdd\x31\x1a\xa5\x24\x73\x2e\x73\x78\x1a\x01\x48\xfc\xc7\x50\x89\x59\x22\x24\x2f\x69\x86\x52\x39\x31\x00\x17\x58\x28\x4d\xd2\x25\xcc\x82\x04\x40\x71\x23\x53\x84\x19\x44\x0d\xc8\x51\x6d\x77\xd4\x18\xbc\x6f\x9e\xa2\x60\x57\xa2\x54\x94\x17\xd6\x70\x12\x8f\xe3\xb1\x97\x57\x23\xfb\x5b\x8d\x46\x35\x04\x44\x2b\x4b\xc7\x69\x14\xca\xa4\x20\x39\x02\x58\xdb\xa7\xa7\xf8\x9a\x11\x6d\x69\xe3\x5b\x85\xd2\xae\x54\x95\x05\x13\x44\xa9\xaf\x5c\x66\xb0\xa9\x78\x1d\x96\xbc\xa2\xc6\x82\x14\xda\x63\xae\x29\xfe\xe9\x96\x3e\x37\x98\xc4\xe8\xfb\xc4\x48\xd6\x83\x79\x61\xf4\xfd\xed\xcd\x1f\x5e\x4f\xe2\xc2\xc6\x06\x3d\x7a\x37\x6e\xc9\xaa\x55\xa3\x91\xc4\x90\xbe\x48\x92\x22\xe3\x79\x42\xb3\x08\xa2\xd2\xff\xb5\xd1\xde\x3d\x6a\x4c\x18\x16\x0b\x7d\x0f\x33\x38\xb7\x36\x25\x91\x94\xdc\x31\x84\x28\x65\x46\x69\x94\x8d\xb2\x7e\x14\xe8\x19\x95\x96\xb4\x58\x8c\x00\x32\x9c\x13\xc3\x74\x70\xe2\xd2\x1b\x5c\x7d\x0c\xf4\x2b\x28\x6a\x53\x5c\xa4\x98\xa4\xdc\x14\x7a\x20\xdc\x27\x62\xd1\xe2\x4b\x6b\x12\x10\x19\x4f\x09\x53\xd6\xba\x41\xbc\xe7\x4a\x87\xdc\xae\x6c\x7e\x0f\xc2\xaa\xda\xe6\x87\x30\xeb\x5e\x30\xaa\xf4\x81\x77\xe5\xb0\xe3\x4b\xcb\x95\xeb\xdb\xad\x88\x92\xe4\x7b\x20\xde\x5c\x7c\xda\x8a\x98\x51\xb5\xdc\x03\xf2\x23\x55\xcb\xad\x98\x5c\xd1\x9c\x2c\x70\x60\x05\x9a\x5d\xf5\x1b\xb3\xd6\xf5\x46\xed\x40\x93\x92\x50\x46\xee\x28\xa3\xfa\x31\xf9\xc6\x8b\x17\x63\x5f\xb4\x00\xfe\xe2\x05\x6e\xdf\x3c\xb6\x37\x33\xa2\xc9\x1e\x49\xf9\x85\x73\x7d\xc9\x8b\x39\x5d\x6c\xa6\x46\xdb\xb6\x66\x49\x81\xfa\xa5\xae\x5f\x05\xdb\xcf\xa8\xbf\x72\xb9\xdc\xee\x39\x15\x7b\xf8\x7c\x75\xbd\xee\x2b\x3e\xec\xef\xeb\xaf\x0f\x7d\xbe\xae\x4e\x88\xe6\x1c\x4c\x52\x9e\x0b\xa3\x31\x99\x33\x52\x72\x99\x94\x93\x08\x22\xff\xec\x39\x5d\x0f\x87\xb3\xa7\x24\x32\xee\x36\xf7\x08\x20\x1c\x9f\xfe\x70\xfa\xff\x93\xe6\xde\xb7\x03\xab\xbc\x3a\x54\x0e\xab\xa3\xd6\x9a\xeb\xec\x78\xa3\xab\xbf\x38\xcc\x98\x16\x19\x3e\xfc\x7d\xe8\x0e\xbf\x32\x15\x46\xf5\xd2\x0b\xd3\x51\xb7\x07\x25\xc9\x01\xfa\x74\x25\xc9\xd7\x75\x6d\xbb\xf5\xea\xda\x85\x75\x65\xaa\x12\x61\xee\x18\x4d\xdd\xcd\x24\x0d\x6e\xcd\xe6\x1d\xe3\xe9\x52\x69\x2e\xc9\x02\x93\x92\x33\x93\x63\x52\x4e\xed\x31\xec\x9e\xdb\x29\x7d\x36\x9d\x33\x18\x92\xa2\x11\x80\xa2\xdf\x70\x40\x0c\x3b\x8a\xaf\x30\x5d\x48\x6e\x84\x2f\x7f\xfd\xe6\xbd\x5d\xd5\x37\x54\xb8\x5b\xd8\xea\x28\x77\x1b\x38\x72\x9b\x51\xa5\x92\x0a\x1d\xae\xe2\x1a\x07\xe6\x5c\xc2\xf2\x5c\x41\xad\x69\x6b\x65\x18\x86\x6b\x7f\x2e\x79\x9e\x08\x2e\xb5\x23\x98\x4c\x9c\x50\xf3\x5a\xd4\x12\x52\x61\xa7\x08\xcd\x53\xce\x5c\x25\x52\xe1\x2f\xfa\x94\x66\xb2\xe5\xe2\x38\x76\x3f\xef\xdd\x18\x50\x3d\xcb\x76\x74\xdc\xc3\x16\x84\x6b\x6c\x34\xcd\xbf\x9b\xee\x7c\xdc\x43\x17\x84\xaf\x1f\xdc\xc9\xc9\xb4\x87\xae\x96\xbe\x3e\xdf\x64\x7a\xf6\x63\x5f\xf1\xa6\x6f\x16\xe1\x71\x2f\x61\x2d\x7d\x7d\xbe\xd3\xfe\x94\x9e\xbe\x5d\x4e\x8f\xc7\x93\x93\xf3\xbe\x18\x1b\xf9\x9b\x70\x7e\x18\xf7\x73\x7e\x78\xab\x4a\x4e\xc7\xe3\x71\x1f\xe7\x74\x72\x76\x7a\xf6\x5f\xe1\x34\xd9\x20\xce\x1d\x87\x6d\x73\x4c\xbb\xc3\xb6\x7e\x5b\xbf\x6d\x01\xfa\xef\xb2\xcd\x6b\xb7\xa5\x39\xf0\xd2\x70\x53\x61\xd2\x41\x58\x63\x09\x93\xe3\x08\x20\xcc\x05\xdd\x5b\x60\xe8\xe5\x84\xa9\x91\x76\x52\x74\xd7\x80\xf2\xb6\x5f\x9e\xbd\x7e\xe2\xfa\x39\xb6\x80\x16\x64\x63\xe4\xac\x9d\xdd\x58\xa8\x3f\xe8\xec\xd4\xd8\xce\x8a\xc6\x5c\x30\xa2\x71\x4e\x19\x1e\x74\xc2\xac\x67\xcc\x8e\xe3\x3f\xc0\x13\xb4\xbe\x33\x86\xc4\x0a\xd5\xa1\xdd\x69\x85\x9f\xb6\xc2\x66\xeb\xa6\xcc\xf3\xae\x26\x3a\xbf\x1f\xe9\x03\x66\x09\x15\x49\x79\xb2\x5e\x01\x2a\xba\x0c\xff\x9b\x41\x54\x18\xc6\x22\xf8\xf9\x79\xc5\x9f\xc0\xaa\x3d\xb7\x11\x83\x9b\xb4\x58\x24\x73\xc6\x89\xa6\xc5\x82\x8a\x7a\xf2\xb3\xef\x62\xc0\x9c\x22\x38\x67\x75\x5c\xed\x49\x75\xf7\x9c\xd9\x30\x12\xa5\x78\x4a\x89\x0e\x9d\x30\x6f\x8b\x36\xdb\x61\x8b\x1f\x35\x5e\x42\x05\xcc\x60\x77\x90\x71\x08\x31\x7e\x17\x93\x2c\x93\xa8\xd4\x46\x77\x34\x99\xcd\x3a\x88\x3d\xfd\xdb\xb8\x13\xbf\x8b\x69\xf6\xa2\x91\x2b\x0c\x87\x44\x6b\x92\xde\xfb\x04\x74\x44\x83\x13\xf0\x4a\xee\x02\x04\x7a\x9a\x39\xae\x5d\x33\x6d\xec\x9f\xfa\x03\xe7\x46\x0b\xa3\xdb\x9f\x44\xc5\x9c\xfb\x88\x4a\xc2\x0c\x36\xff\xf2\x69\x3a\x62\xad\x7a\x3b\x9c\x0f\xc5\x8d\xc7\x71\xab\x83\x7c\x47\x7d\xf7\x76\xf0\x9d\xf3\x6f\x00\x00\x00\xff\xff\xdc\xb8\x4b\x19\xc5\x12\x00\x00"),
		},
		"/terraform/aarch64/nestos/openstack/worker.tf.template": &vfsgen۰CompressedFileInfo{
			name:             "worker.tf.template",
			modTime:          time.Date(2025, 12, 11, 5, 40, 6, 12468572, time.UTC),
			uncompressedSize: 4786,

			compressedContent: []byte("\x1f\x8b\x08\x00\x00\x00\x00\x00\x02\xff\xcc\x58\x7b\x4f\xe3\x46\x10\xff\x3f\x9f\x62\x6a\xf5\x0f\x38\x15\x5f\x48\x38\xa0\x95\xa2\x8a\x72\x55\x8b\xd4\x9e\x10\x2a\xaa\xd4\x53\x65\x2d\xf6\x24\xac\xb2\xf6\x6e\xf7\x61\xe0\x90\xbf\x7b\xb5\x0f\x3b\xb6\xe3\x90\xc0\x81\x74\x42\x08\x7b\x76\x66\x7e\xf3\xd8\x79\x18\x8d\x52\x92\x39\x97\x39\x3c\x8e\x00\x24\xfe\x67\xa8\xc4\x2c\x11\x92\x97\x34\x43\xa9\x1c\x19\x80\x0b\x2c\x94\x26\xe9\x12\x66\x81\x02\xa0\xb8\x91\x29\xc2\x0c\xa2\x46\xc9\x41\x2d\x77\xd0\x08\xbc\x6f\x9e\xa2\x20\x57\xa2\x54\x94\x17\x56\x70\x12\x8f\xe3\xb1\xa7\x57\x23\xfb\x5b\x8d\x46\xb5\x0a\x88\x56\x92\x0e\xd3\x28\x94\x49\x41\x72\x04\xb0\xb2\x8f\x8f\xf1\x25\x23\xda\xc2\xc6\xd7\x0a\xa5\x3d\xa9\x2a\xab\x4c\x10\xa5\xee\xb8\xcc\x60\x9d\xf1\x32\x1c\x79\x46\x8d\x05\x29\xb4\xd7\xd9\x63\xfc\xcb\x1d\x7d\x6a\x74\x12\xa3\x6f\x13\x23\xd9\x80\xce\x33\xa3\x6f\xaf\xaf\xfe\xf0\x7c\x12\x17\xd6\x37\x18\xe0\xbb\x72\x47\x96\xad\x1a\x8d\x24\x86\xf0\x45\x92\x14\x19\xcf\x13\x9a\x45\x10\x95\xfe\xaf\xf5\xf6\xe6\x41\x63\xc2\xb0\x58\xe8\x5b\x98\xc1\xa9\x95\x29\x89\xa4\xe4\x86\x21\x44\x29\x33\x4a\xa3\x6c\x98\xf5\x83\x40\x8f\xa8\xb4\xa4\xc5\x62\x04\x90\xe1\x9c\x18\xa6\x83\x11\xe7\x5e\xe0\xe2\x63\x80\x5f\xa9\xa2\x36\xc4\x45\x8a\x49\xca\x4d\xa1\xbd\xba\xae\xec\xdf\x5c\x2e\x51\xc6\xe7\xf6\x3c\x88\x33\x9e\x12\xa6\x2c\x6b\x23\x7e\xcb\x95\x0e\x81\x5c\xc9\xfc\x1e\x88\x55\xb5\x09\x54\x98\xbe\x07\x8c\x2a\xbd\xe7\xdd\xd8\xef\xd8\xd2\x32\xe5\xf2\x7a\xa3\x46\x49\xf2\x17\x68\xbc\x3a\xfb\x73\xa3\xc6\x8c\xaa\xe5\x0b\x54\x7e\xa4\x6a\xb9\x51\x27\x57\x34\x27\x0b\xdc\x31\x7b\xcd\x15\xfa\x8d\x59\xe9\xfa\x56\x76\x54\x93\x92\x50\x46\x6e\x28\xa3\xfa\x21\xf9\xc2\x8b\x67\xeb\x3e\x6b\x29\xf8\x87\x17\xb8\xf9\xa6\xd8\x42\xcc\x88\x26\x2f\x08\xca\x2f\x9c\xeb\x73\x5e\xcc\xe9\x62\x3d\x34\xda\xd6\x30\x4b\x0a\xd4\xcf\x35\xfd\x22\xc8\x7e\x42\x7d\xc7\xe5\x72\xb3\xe5\x54\xbc\xc0\xe6\x8b\xcb\xbe\xad\x78\xff\x72\x5b\x7f\xbd\x1f\xb2\x75\xd5\x0e\x9a\xa6\x97\xa4\x3c\x17\x46\x63\x32\x67\xa4\xe4\x32\x29\x27\x11\x44\xfe\xd9\x63\xba\x82\x0d\x8d\xa6\x24\x32\xee\x56\xf2\x08\x20\xf4\x4a\xdf\x89\xbe\x7f\xd4\xdc\xdb\xb6\x67\x99\x57\x1d\x64\xbf\x3a\x68\x9d\xb9\xca\x8e\xd7\xaa\xfa\xb3\xd3\x19\xd3\x22\xc3\xfb\x7f\xf7\x5d\xa7\x2b\x53\x61\xd4\x20\xbc\x30\x1d\x76\xdb\x15\x49\x0e\x30\xc4\x2b\x49\xde\xe7\xb5\xe5\x36\xc8\x6b\x0f\xfa\xcc\x54\x25\xc2\xdc\x30\x9a\xba\x31\x24\x0d\x6e\x8c\xe6\x0d\xe3\xe9\x52\x69\x2e\xc9\x02\x93\x92\x33\x93\x63\x52\x4e\x6d\xcf\x75\xcf\xed\x90\x3e\x19\xce\x19\xec\x12\xa2\x11\x80\xa2\x5f\x70\x07\x1f\xb6\x24\x5f\x61\xba\x90\xdc\x08\x9f\xfe\xfa\xcd\x5b\xbb\xca\x6f\xc8\x70\x37\xb1\xd5\xc1\x9d\xbb\xc0\x91\xbb\x8c\x2a\x95\x54\xe8\x30\x77\x6b\x3d\x30\xe7\x12\x96\xa7\x0a\x6a\x4e\x9b\x2b\xc3\x30\xcc\xf8\xb9\xe4\x79\x22\xb8\xd4\x0e\x60\x32\x71\x44\xcd\x6b\x52\x8b\x48\x85\x5d\x19\x34\x4f\x39\x73\x99\x48\x85\x9f\xea\x29\xcd\x64\xcb\xc4\x71\xec\x7e\xde\xbb\x99\x5f\x3d\x89\x76\x70\x38\x80\x16\x88\x3d\x34\x9a\xe6\x5f\x0d\x77\x3a\x1e\x80\x0b\xc4\xd7\x77\xee\xe8\x68\x3a\x00\x57\x53\x5f\x1f\x6f\x32\x3d\xf9\x71\x28\x79\xd3\x37\xf3\xf0\x70\x10\xb0\xa6\xbe\x3e\xde\xf1\x70\x48\x8f\xdf\x2e\xa6\x87\xe3\xc9\xd1\xe9\x90\x8f\x0d\xfd\x4d\x30\x3f\x8c\x87\x31\x3f\xbc\x55\x26\xa7\xe3\xf1\x78\x08\x73\x3a\x39\x39\x3e\xf9\x56\x30\x4d\xb6\x13\xe6\x96\x66\xdb\xb4\x69\xd7\x6c\xeb\xb7\xfe\xb4\x05\x18\x9e\x65\xeb\x63\xb7\xc5\xb9\xe3\xd0\x70\x5b\x61\xd2\xd1\xd0\x43\x09\x9b\xe3\x08\x20\xec\x05\xdd\x29\xb0\xeb\x70\xc2\xd4\x48\xbb\x29\xba\x31\xa0\xbc\xec\xe7\x27\xc7\x4f\x5c\x3f\xc7\x56\xa1\x55\xb2\xb6\x72\xd6\xc6\xae\x1d\xd4\x5f\x6f\x76\x6b\x6c\x47\x45\x63\x2e\x18\xd1\x38\xa7\x0c\xf7\x3a\x6e\xd6\x3b\x66\xc7\xf0\x1f\xe0\x11\x5a\xdf\x19\xbb\xf8\x0a\xd5\xbe\xbd\x69\x85\xdf\xb6\xc2\x65\xeb\x86\xcc\xe3\xae\x36\x3a\x7f\x1f\xe9\x3d\x66\x09\x15\x49\x79\xd4\xcf\x00\x15\x5d\x84\xef\x66\x10\x15\x86\xb1\x08\x7e\x7e\x9a\xf1\x27\xb0\x6c\x4f\x5d\xc4\x60\x26\x2d\x16\xc9\x9c\x71\xa2\x69\xb1\xa0\xa2\xde\xfc\xec\xbb\xd8\x61\x4f\x11\x9c\xb3\xda\xaf\xf6\xa6\xba\x7d\xcf\x6c\x10\x89\x52\x3c\xa5\x44\x87\x4a\x98\xb7\x49\xeb\xe5\xb0\xc1\x8e\x5a\x5f\x42\x05\xcc\x60\xbb\x93\x71\x70\x31\x7e\x17\x93\x2c\x93\xa8\xd4\x5a\x75\x34\x91\xcd\x3a\x1a\x07\xea\xb7\x31\x27\x7e\x17\xd3\xec\x59\x2b\x57\x58\x0e\x89\xd6\x24\xbd\xf5\x01\xe8\x90\x76\x0e\xc0\x2b\x99\x0b\x10\xe0\x69\xe6\xb0\xb6\xed\xb4\xb1\x7f\x1a\x76\x9c\x1b\x2d\x8c\x6e\x7f\x12\x15\x73\xee\x3d\x2a\x09\x33\xd8\xfc\x7f\xa7\xa9\x88\x5e\xf6\xb6\x18\x1f\x92\x1b\x8f\xe3\x56\x05\xf9\x8a\xfa\xea\xeb\xe0\x2b\xe7\xff\x00\x00\x00\xff\xff\x23\xb1\x3a\x70\xb2\x12\x00\x00"),
		},
		"/terraform/x86_64": &vfsgen۰DirInfo{
			name:    "x86_64",
			modTime: time.Date(2025, 12, 10, 11, 12, 58, 294511419, time.UTC),
		},
		"/terraform/x86_64/generalos": &vfsgen۰DirInfo{
			name:    "generalos",
			modTime: time.Date(2025, 12, 10, 11, 12, 58, 294511419, time.UTC),
		},
		"/terraform/x86_64/generalos/libvirt": &vfsgen۰DirInfo{
			name:    "libvirt",
			modTime: time.Date(2025, 12, 10, 11, 12, 58, 290511333, time.UTC),
		},
		"/terraform/x86_64/generalos/libvirt/master.tf.template": &vfsgen۰CompressedFileInfo{
			name:             "master.tf.template",
			modTime:          time.Date(2025, 12, 11, 5, 28, 19, 876183867, time.UTC),
			uncompressedSize: 3468,

			compressedContent: []byte("\x1f\x8b\x08\x00\x00\x00\x00\x00\x02\xff\x9c\x57\xdd\x6e\xe3\x36\x13\xbd\xf7\x53\xcc\x47\xec\x45\x12\x7c\x61\xd2\x62\xd1\x16\x05\x8c\xa2\x4d\x80\xd6\x17\x8b\x06\x69\xf7\x6a\x11\x08\x8c\x34\xb6\x89\x50\xa4\xca\x1f\xa5\xae\xa1\x77\x2f\x86\xa2\x24\x4b\x96\xb3\x6e\x16\xd8\x50\xa2\x66\xce\x1c\x9e\xe1\x0c\x69\x8f\xd6\x8a\xb5\xb1\x25\xec\x17\x00\x16\xff\x0a\xd2\x62\x91\x55\xd6\xd4\xb2\x40\xeb\xe2\x34\x80\x92\xcf\xb5\xb4\x1e\x96\xe9\x1d\xc0\x99\x60\x73\x84\x25\xb0\xa2\x14\x79\x2d\x73\x61\x6f\x92\x15\x4b\x26\x35\x5a\x27\x8d\x26\x9b\x5b\xfe\x3d\xff\xae\x9d\x6f\x16\xf4\xbf\x59\x2c\xba\x18\xc0\x3a\xbf\x08\x1e\xac\x24\x8f\xfd\x9e\x3f\x28\xe1\x89\x1a\xff\xfc\xb8\x6a\x1a\x46\x3e\x16\x53\x5c\x66\x85\x2e\x4c\x99\xc9\x82\x01\xab\xdb\x91\xbc\x9f\x77\x1e\x33\x85\x7a\xe3\xb7\xb0\x84\x1f\xc8\xa7\x16\x56\x8a\x67\x85\xc0\x72\x15\x9c\x47\xdb\x1b\xfb\x5d\x85\x44\x69\x09\xce\x5b\xa9\x37\x0b\x80\x02\xd7\x22\x28\x9f\x18\xdc\xb5\x0e\xab\xfb\x14\x7e\x80\x92\xda\x79\xa1\x73\xcc\x72\x13\xb4\x3f\x13\xee\x93\x20\x34\x7e\x47\x2e\x09\x51\x99\x5c\x28\x47\xde\x3d\xe2\xd6\x38\xaf\x45\x49\xda\x0e\x3e\xbf\xa5\xc9\x26\x4a\x37\x47\x44\x56\x53\x16\x4a\x3a\x7f\xd1\x52\xb9\x1c\x71\x19\x60\x57\x0f\x2d\xe0\x8c\x46\x55\xfd\x31\xcb\x65\x61\xcf\x5c\x5b\x9f\xac\xbb\xd5\xfd\xe3\x91\x5c\x23\xd4\x8d\xf0\xf8\x2a\x76\xff\x15\xf8\xd7\xd6\xed\x8d\x54\x54\xe1\x1d\x12\xdc\x3d\x7c\x9e\x6a\xd0\x23\x5a\x51\xbe\x03\xf1\xf1\xe7\x4f\x27\x11\x0b\xe9\x5e\xde\x01\x79\x2f\xdd\xcb\x49\xcc\x5c\x99\x50\x48\x2d\xfd\x3b\x80\x7f\x31\xc6\xdf\x19\xbd\x96\x9b\x16\x7e\x28\xb0\x54\x94\x59\x65\x8c\x62\xc0\xda\x81\xf0\xd3\xde\x64\x1f\xf6\xb5\xb0\x7c\xa8\xa9\xe6\x3a\xda\x74\x0c\xa8\x33\x48\x4b\xaf\x95\x88\xc5\xc8\x6e\xea\xb6\x47\x74\x7d\xe2\x46\x96\x62\x83\xee\xe6\x08\x88\xcd\x33\xa9\x8d\x0a\x25\x52\xbd\xa7\x87\x9e\x0d\xcc\xf3\x49\x76\x44\xc1\x18\x95\x24\x19\x56\xc5\xe3\x1f\x02\x58\x1c\xf6\xb3\xc3\x3d\xf7\xfb\x1f\x2b\xe2\xd8\x7c\x95\xd2\x90\xd7\xd8\x10\xa0\xff\xb7\x04\x62\x35\x6e\x17\x03\xed\xc1\x8a\x7d\xd8\xc7\x5e\xc0\x8f\xfa\xc0\x97\xe8\xc3\xa5\x2e\xf0\xef\xa7\xe6\x3a\x46\xa2\x4e\x27\x1c\xa6\xf8\x99\x2c\x0e\x96\xd6\xce\xf1\x34\xc8\x62\x58\xfe\x10\xed\xb4\x0c\xf2\x9f\x31\xaf\x11\x7b\x8a\x3d\xa2\x03\x57\xf0\xcd\xed\xb7\x1f\xc7\xc3\xbc\x54\xfd\x2e\x4d\x35\xc0\x26\xdb\x76\xd0\xed\xab\x92\x9d\xaf\x16\x97\xce\xb0\x91\x00\x6f\xac\x3d\x38\xb4\x59\x21\xbc\x80\x25\xd0\xc0\x3d\x96\x95\x12\x1e\xb3\xb5\x54\xc8\xfb\xcf\xfc\x8a\x5b\xd4\x05\x5a\x2c\x46\xd1\x68\xdd\xd1\x9d\x8d\x1c\x19\xb0\xde\x75\xb2\xd4\x13\x2b\xed\xdc\x61\xd9\x3f\x12\xd0\xc5\xd8\xb8\x93\x6f\xc4\xe1\xff\xb0\x87\x83\x03\xe4\x1c\x91\xa0\xb9\x9c\xcf\x98\x46\xff\x6a\x2c\xa5\xaa\x7f\xda\x1f\xe7\x61\x5a\x74\x1a\xe3\x05\xa0\x34\xc5\x60\xa5\x45\x9c\x2b\x4c\x29\xa4\x3e\xe5\xc9\x23\x59\xb2\x13\x45\x61\xd1\x39\x74\xb0\x84\x2f\x23\xab\xee\x50\x7a\x5a\x10\xdc\x36\xaf\xd2\x7d\x04\x35\xf5\x44\xaa\x02\x6f\x03\xc6\x1b\x06\x19\x68\x37\xf9\x1e\x43\x27\x13\x68\xd5\xc9\x8c\x56\xbb\x89\xa3\x35\xc1\x63\xe7\x4b\xf1\x86\x64\x1d\x51\x89\x36\xe9\x48\x9b\xb3\x49\x9f\x3a\x68\x11\xbc\x71\x5e\xc4\xbb\x54\x0c\x39\x2b\x7d\xab\x14\x03\xb6\x41\x8d\x56\x28\xe3\x66\x9b\xcb\x99\xdd\xa5\x95\x9b\xe2\xd2\x51\x70\x31\xd6\xfd\xb2\xb9\x3e\xf8\x76\xce\x86\xb9\x6c\x28\x49\x79\x15\x92\x40\x31\xd5\x4b\x60\x64\x7c\x5d\x09\xe7\xfc\xd6\x9a\xb0\xd9\xb2\x45\x7b\xdb\xab\xc9\xf4\x0d\xd2\x55\x18\x97\x11\x40\x89\xa5\xb1\xbb\x93\x1e\x56\x94\x53\x8f\xbe\x1a\x8e\x5a\xdc\xb8\xef\xf0\xfe\x95\x5f\x71\x59\x1c\x05\x16\xf9\x56\x6a\x3c\x14\x2e\x9e\x95\x71\xf6\xcf\x5d\x15\x4f\x82\xc3\x24\x76\x66\x69\xf7\x74\x67\xef\x81\xff\x4b\x5d\xb2\xb8\x19\xa5\x7b\x49\x82\xbd\xd1\xb5\x23\xc7\x39\x66\x71\xf3\xa4\x3a\xcc\xa4\xf6\x68\xd7\x22\xc7\x04\xd8\xcd\xf7\x87\xe1\xa4\x84\x79\x3f\xb6\x9d\x0e\x86\x1e\xd1\xcb\x75\x46\xe2\xa3\xe7\x50\x9c\x73\xa9\x91\xd5\xb8\xb7\xfc\x8f\xaa\x3f\x28\xc5\xe0\xa7\xb6\x94\x4f\x59\x3e\xc1\x8f\x40\x86\x31\xc6\xab\x90\x3e\x5b\x1b\x9b\x29\x14\x0e\x27\xc5\xb9\xb1\xa2\xda\xca\xbc\x2b\xcf\x43\xc9\x97\xc0\x6a\x9d\xb3\xf4\x93\xc5\x79\xd4\x59\x77\x17\x49\xb4\x59\x87\x92\x1b\xed\x8c\xc2\x79\x90\xca\xef\x5a\x10\x2f\xec\x06\xe9\xa8\x88\xf5\xca\x6e\x59\xf7\xe3\xc5\x04\x5f\x05\x0f\x8c\x4a\xbc\x2d\xcd\x5a\xa8\x80\x07\xd2\xb7\x25\xcc\xfb\x02\xe6\x57\xfc\x28\x7d\xfc\x96\xf7\x72\x2e\x9a\x7f\x03\x00\x00\xff\xff\x8a\x14\xf7\x63\x8c\x0d\x00\x00"),
		},
		"/terraform/x86_64/generalos/libvirt/worker.tf.template": &vfsgen۰CompressedFileInfo{
			name:             "worker.tf.template",
			modTime:          time.Date(2025, 12, 11, 5, 36, 38, 457876793, time.UTC),
			uncompressedSize: 2766,

			compressedContent: []byte("\x1f\x8b\x08\x00\x00\x00\x00\x00\x02\xff\x9c\x56\x4d\x6f\xe3\x36\x10\xbd\xeb\x57\x4c\x89\x3d\x24\x41\xc3\xa6\xc5\xa2\x2d\x0a\x08\x45\x9b\x3d\x34\x87\x45\x83\x6d\x17\x3d\x2c\x16\x02\x23\x8e\x6d\xc2\x14\xa9\x0e\x49\x6d\x5d\x43\xff\xbd\xa0\x44\xeb\xc3\xb6\x52\xc3\x01\x02\xd9\xd4\xbc\x99\x37\x6f\x1e\x69\x7a\x24\x12\x2b\x4b\x15\xec\x33\x00\xc2\xbf\x83\x22\x94\x45\x4d\xb6\x51\x12\xc9\x75\xcb\x00\x5a\xbd\x34\x8a\x3c\xe4\xe9\x3b\x80\xb3\x81\x4a\x84\x1c\x98\xac\x44\xd9\xa8\x52\xd0\x37\x29\x8a\xa5\x90\x06\xc9\x29\x6b\x62\xcc\x03\xff\x81\x7f\xdf\xaf\xb7\x59\xfc\x6f\xb3\xec\x50\x03\xd8\x01\xd7\x25\x0f\xa4\x22\x62\xbf\xe7\xcf\x5a\xf8\x48\x8d\x7f\xfc\xf0\xd4\xb6\x2c\x62\x08\x53\x5d\x46\xc2\x48\x5b\x15\x4a\x32\x60\x4d\xff\x8c\xe8\x97\x9d\xc7\x42\xa3\x59\xfb\x0d\xe4\xf0\x63\xc4\x34\x82\x94\x78\xd1\x08\xac\xd4\xc1\x79\xa4\x21\xd8\xef\x6a\x8c\x94\x72\x70\x9e\x94\x59\x67\x00\x12\x57\x22\x68\x9f\x18\x3c\xf6\x80\xa7\x77\xa9\xfc\x98\x4a\x19\xe7\x85\x29\xb1\x28\x6d\x30\x89\xf9\x1c\xfb\x97\xa5\x2d\x12\x7f\x8c\xef\x13\x5c\xdb\x52\x68\x17\x43\x07\xf8\xc6\x3a\x6f\x44\x15\x85\x1c\x31\xbf\xa5\xc5\xb6\x5d\x28\xaa\xea\xe3\x06\xb4\x72\xfe\xa6\xef\xe2\x76\x46\x65\xcc\xfa\xf4\xbc\x98\xaf\xac\xc3\x15\x09\x1f\x9f\x3f\x2e\x66\x24\x51\x5d\x91\xf1\xc3\x2f\xef\x17\x33\x4a\xe5\xb6\x57\xa4\x7c\xa7\xdc\x76\xb9\x6f\x6d\x83\x54\x46\xf9\x2b\x12\xff\x6a\xad\x7f\xb4\x66\xa5\xd6\x7d\xfa\xd1\x9a\xc9\xce\x45\x63\x75\xa8\x30\xfa\x33\x7d\x88\x35\xba\x61\xc7\x12\xec\xcd\xbe\x11\xc4\x47\x4f\xb6\xf7\x29\x2e\x03\xa8\xad\xd5\x4b\x51\xf1\x5d\x8c\x19\x77\xe0\x74\xaf\xfc\xfe\xc7\x53\x25\xd6\x78\xb2\x5f\x4e\x48\x8d\x7a\x76\x16\x86\xc9\x5f\x0e\xb1\xe6\xdc\xe2\x23\xf5\x69\x1c\x7b\xb3\xef\x4c\xcd\x4f\x0c\xfd\xa9\x43\x71\x65\x24\xfe\xf3\xb9\xbd\xef\xaa\xc5\xfd\x29\x1c\x26\x0e\x45\xf2\xfd\x25\x42\x1c\xd5\x5c\x94\x44\xfd\x7b\xcc\x70\xd6\x49\x64\x31\x23\x06\x77\xf0\xed\xc3\x77\x6f\xe7\x8f\xf3\xc2\x0d\x5e\x49\x4e\x64\x47\xe6\x19\x55\xfc\x5f\xf9\x2e\xd7\x8d\x2b\x67\xe7\x32\xbc\xda\x7f\x70\x48\x85\x14\x5e\x40\x0e\xf1\xc1\x3d\x56\xb5\x16\x1e\x8b\x95\xd2\xc8\x87\xd7\xfc\x8e\x13\x1a\x89\x84\x72\x56\x2f\x76\xde\xc1\xd9\x0c\xc8\x80\x0d\xd0\xa3\x66\x17\x7a\x3d\xc0\x21\x1f\x3e\xc6\x44\x37\xf3\xe0\x83\x80\x33\x0e\x5f\xc3\x1e\x26\xa7\xe2\x25\x32\x41\x7b\x7b\x7e\x66\xd2\x56\x42\x19\x06\x6c\x8d\x06\x49\x68\xeb\xce\x3b\xfe\x42\xc3\x77\xda\x7b\xdb\x9f\x0b\x37\xf3\x21\xdc\xb6\xf7\x93\x77\x97\xb0\xbe\x6d\xe3\xc8\xca\x3a\xa4\xdf\xd4\xca\xca\x6e\x3b\xc4\xe0\xfb\x5a\x38\xe7\x37\x64\xc3\x7a\xc3\xb2\xfe\x47\xb3\x89\xa1\xaf\x90\xae\xc3\x7c\x96\x00\x15\x56\x96\x76\x8b\x08\x12\xd5\x31\x62\x18\xc9\x80\x38\x6f\x7f\x3e\x7c\xe5\x77\x5c\xc9\x93\xc2\xa2\xdc\x28\x83\x53\xe1\xf6\x7b\xfe\xbe\x5f\xfd\x73\x57\x77\xc7\x13\x80\x08\x51\x30\x41\x63\x35\x4f\x01\x27\x07\xf1\x04\xbf\x6d\x2a\x96\xc5\xa3\x58\xb9\x6d\x12\x2c\x1d\x23\x4a\x4e\x68\xf6\x6b\xbc\xe3\x78\x8e\x59\x1b\x73\x18\xf4\x5f\x2c\x6d\x0b\x65\x3c\xd2\x4a\x94\x98\x12\x1e\xd6\x5f\x3b\xa3\x0d\xa6\xfb\xcd\xe0\xd1\x41\xa9\x0b\x66\xde\x21\x85\x94\x84\xce\xa1\x3b\x3b\x15\x55\xcf\xbd\xfd\x55\x0e\xcc\x04\xad\x19\xfc\x0c\x9f\x5e\x8b\xfc\x0c\x3f\x41\x0c\xec\x6a\x7c\x11\xca\x17\x2b\x4b\x85\x46\xe1\x70\x54\xb6\xeb\x7f\x4d\xa2\xde\xa8\xf2\x70\xb9\x9b\xaa\x9d\x03\x6b\x4c\xc9\xd2\xa5\xcf\x79\x34\x45\xf7\x3a\x07\x96\x68\xb3\x43\x96\xd2\x1a\x67\x35\x9e\x4f\x52\xfb\x5d\x9f\xc4\x0b\x5a\xa3\x2f\x6a\xdb\xdd\x1e\xd9\x03\x3b\x5c\xff\x6c\xf0\x75\xf0\xc0\x54\xdd\xbc\xed\x77\x65\x23\x74\xc0\xc9\x2c\xfb\xdd\xcb\x87\xbd\xcb\xef\xf8\xc9\xe4\xf8\x03\x1f\xe4\xcc\xda\xff\x02\x00\x00\xff\xff\x16\x5e\x9c\x07\xce\x0a\x00\x00"),
		},
		"/terraform/x86_64/generalos/openstack": &vfsgen۰DirInfo{
			name:    "openstack",
			modTime: time.Date(2025, 12, 10, 11, 12, 58, 294511419, time.UTC),
		},
		"/terraform/x86_64/generalos/openstack/master.tf.template": &vfsgen۰CompressedFileInfo{
			name:             "master.tf.template",
			modTime:          time.Date(2025, 12, 11, 5, 40, 15, 44569724, time.UTC),
			uncompressedSize: 4805,

			compressedContent: []byte("\x1f\x8b\x08\x00\x00\x00\x00\x00\x02\xff\xcc\x58\x6d\x4f\xe3\xc6\x13\x7f\x9f\x4f\x31\x7f\xeb\xff\x02\x4e\xc5\x17\x12\x0e\x68\xa5\xa8\xa2\x5c\xd5\x22\xf5\x4e\x08\x95\x37\x3d\x55\xd6\x62\x4f\xc2\x2a\x6b\xef\x76\x1f\x7c\x70\xc8\xdf\xbd\xda\x07\x3b\x76\xe2\x10\x93\x03\xa9\x42\x08\x7b\x76\xe6\xf7\x9b\x87\x9d\xdd\x31\x1a\xa5\x24\x73\x2e\x73\x78\x1a\x01\x48\xfc\xc7\x50\x89\x59\x22\x24\x2f\x69\x86\x52\x39\x31\x00\x17\x58\x28\x4d\xd2\x25\xcc\x82\x04\x40\x71\x23\x53\x84\x19\x44\x0d\xc8\x51\x6d\x77\xd4\x18\xbc\x6f\x9e\xa2\x60\x57\xa2\x54\x94\x17\xd6\x70\x12\x8f\xe3\xb1\x97\x57\x23\xfb\x5b\x8d\x46\x35\x04\x44\x2b\x4b\xc7\x69\x14\xca\xa4\x20\x39\x02\x58\xdb\xa7\xa7\xf8\x9a\x11\x6d\x69\xe3\x5b\x85\xd2\xae\x54\x95\x05\x13\x44\xa9\xaf\x5c\x66\xb0\xa9\x78\x1d\x96\xbc\xa2\xc6\x82\x14\xda\x63\xae\x29\xfe\xe9\x96\x3e\x37\x98\xc4\xe8\xfb\xc4\x48\xd6\x83\x79\x61\xf4\xfd\xed\xcd\x1f\x5e\x4f\xe2\xc2\xc6\x06\x3d\x7a\x37\x6e\xc9\xaa\x55\xa3\x91\xc4\x90\xbe\x48\x92\x22\xe3\x79\x42\xb3\x08\xa2\xd2\xff\xb5\xd1\xde\x3d\x6a\x4c\x18\x16\x0b\x7d\x0f\x33\x38\xb7\x36\x25\x91\x94\xdc\x31\x84\x28\x65\x46\x69\x94\x8d\xb2\x7e\x14\xe8\x19\x95\x96\xb4\x58\x8c\x00\x32\x9c\x13\xc3\x74\x70\xe2\xd2\x1b\x5c\x7d\x0c\xf4\x2b\x28\x6a\x53\x5c\xa4\x98\xa4\xdc\x14\x7a\x20\xdc\x27\x62\xd1\xe2\x4b\x6b\x12\x10\x19\x4f\x09\x53\xd6\xba\x41\xbc\xe7\x4a\x87\xdc\xae\x6c\x7e\x0f\xc2\xaa\xda\xe6\x87\x30\xeb\x5e\x30\xaa\xf4\x81\x77\xe5\xb0\xe3\x4b\xcb\x95\xeb\xdb\xad\x88\x92\xe4\x7b\x20\xde\x5c\x7c\xda\x8a\x98\x51\xb5\xdc\x03\xf2\x23\x55\xcb\xad\x98\x5c\xd1\x9c\x2c\x70\x60\x05\x9a\x5d\xf5\x1b\xb3\xd6\xf5\x46\xed\x40\x93\x92\x50\x46\xee\x28\xa3\xfa\x31\xf9\xc6\x8b\x17\x63\x5f\xb4\x00\xfe\xe2\x05\x6e\xdf\x3c\xb6\x37\x33\xa2\xc9\x1e\x49\xf9\x85\x73\x7d\xc9\x8b\x39\x5d\x6c\xa6\x46\xdb\xb6\x66\x49\x81\xfa\xa5\xae\x5f\x05\xdb\xcf\xa8\xbf\x72\xb9\xdc\xee\x39\x15\x7b\xf8\x7c\x75\xbd\xee\x2b\x3e\xec\xef\xeb\xaf\x0f\x7d\xbe\xae\x4e\x88\xe6\x1c\x4c\x52\x9e\x0b\xa3\x31\x99\x33\x52\x72\x99\x94\x93\x08\x22\xff\xec\x39\x5d\x0f\x87\xb3\xa7\x24\x32\xee\x36\xf7\x08\x20\x1c\x9f\xfe\x70\xfa\xff\x93\xe6\xde\xb7\x03\xab\xbc\x3a\x54\x0e\xab\xa3\xd6\x9a\xeb\xec\x78\xa3\xab\xbf\x38\xcc\x98\x16\x19\x3e\xfc\x7d\xe8\x0e\xbf\x32\x15\x46\xf5\xd2\x0b\xd3\x51\xb7\x07\x25\xc9\x01\xfa\x74\x25\xc9\xd7\x75\x6d\xbb\xf5\xea\xda\x85\x75\x65\xaa\x12\x61\xee\x18\x4d\xdd\xcd\x24\x0d\x6e\xcd\xe6\x1d\xe3\xe9\x52\x69\x2e\xc9\x02\x93\x92\x33\x93\x63\x52\x4e\xed\x31\xec\x9e\xdb\x29\x7d\x36\x9d\x33\x18\x92\xa2\x11\x80\xa2\xdf\x70\x40\x0c\x3b\x8a\xaf\x30\x5d\x48\x6e\x84\x2f\x7f\xfd\xe6\xbd\x5d\xd5\x37\x54\xb8\x5b\xd8\xea\x28\x77\x1b\x38\x72\x9b\x51\xa5\x92\x0a\x1d\xae\xe2\x1a\x07\xe6\x5c\xc2\xf2\x5c\x41\xad\x69\x6b\x65\x18\x86\x6b\x7f\x2e\x79\x9e\x08\x2e\xb5\x23\x98\x4c\x9c\x50\xf3\x5a\xd4\x12\x52\x61\xa7\x08\xcd\x53\xce\x5c\x25\x52\xe1\x2f\xfa\x94\x66\xb2\xe5\xe2\x38\x76\x3f\xef\xdd\x18\x50\x3d\xcb\x76\x74\xdc\xc3\x16\x84\x6b\x6c\x34\xcd\xbf\x9b\xee\x7c\xdc\x43\x17\x84\xaf\x1f\xdc\xc9\xc9\xb4\x87\xae\x96\xbe\x3e\xdf\x64\x7a\xf6\x63\x5f\xf1\xa6\x6f\x16\xe1\x71\x2f\x61\x2d\x7d\x7d\xbe\xd3\xfe\x94\x9e\xbe\x5d\x4e\x8f\xc7\x93\x93\xf3\xbe\x18\x1b\xf9\x9b\x70\x7e\x18\xf7\x73\x7e\x78\xab\x4a\x4e\xc7\xe3\x71\x1f\xe7\x74\x72\x76\x7a\xf6\x5f\xe1\x34\xd9\x20\xce\x1d\x87\x6d\x73\x4c\xbb\xc3\xb6\x7e\x5b\xbf\x6d\x01\xfa\xef\xb2\xcd\x6b\xb7\xa5\x39\xf0\xd2\x70\x53\x61\xd2\x41\x58\x63\x09\x93\xe3\x08\x20\xcc\x05\xdd\x5b\x60\xe8\xe5\x84\xa9\x91\x76\x52\x74\xd7\x80\xf2\xb6\x5f\x9e\xbd\x7e\xe2\xfa\x39\xb6\x80\x16\x64\x63\xe4\xac\x9d\xdd\x58\xa8\x3f\xe8\xec\xd4\xd8\xce\x8a\xc6\x5c\x30\xa2\x71\x4e\x19\x1e\x74\xc2\xac\x67\xcc\x8e\xe3\x3f\xc0\x13\xb4\xbe\x33\x86\xc4\x0a\xd5\xa1\xdd\x69\x85\x9f\xb6\xc2\x66\xeb\xa6\xcc\xf3\xae\x26\x3a\xbf\x1f\xe9\x03\x66\x09\x15\x49\x79\xb2\x5e\x01\x2a\xba\x0c\xff\x9b\x41\x54\x18\xc6\x22\xf8\xf9\x79\xc5\x9f\xc0\xaa\x3d\xb7\x11\x83\x9b\xb4\x58\x24\x73\xc6\x89\xa6\xc5\x82\x8a\x7a\xf2\xb3\xef\x62\xc0\x9c\x22\x38\x67\x75\x5c\xed\x49\x75\xf7\x9c\xd9\x30\x12\xa5\x78\x4a\x89\x0e\x9d\x30\x6f\x8b\x36\xdb\x61\x8b\x1f\x35\x5e\x42\x05\xcc\x60\x77\x90\x71\x08\x31\x7e\x17\x93\x2c\x93\xa8\xd4\x46\x77\x34\x99\xcd\x3a\x88\x3d\xfd\xdb\xb8\x13\xbf\x8b\x69\xf6\xa2\x91\x2b\x0c\x87\x44\x6b\x92\xde\xfb\x04\x74\x44\x83\x13\xf0\x4a\xee\x02\x04\x7a\x9a\x39\xae\x5d\x33\x6d\xec\x9f\xfa\x03\xe7\x46\x0b\xa3\xdb\x9f\x44\xc5\x9c\xfb\x88\x4a\xc2\x0c\x36\xff\xf2\x69\x3a\x62\xad\x7a\x3b\x9c\x0f\xc5\x8d\xc7\x71\xab\x83\x7c\x47\x7d\xf7\x76\xf0\x9d\xf3\x6f\x00\x00\x00\xff\xff\xdc\xb8\x4b\x19\xc5\x12\x00\x00"),
		},
		"/terraform/x86_64/generalos/openstack/worker.tf.template": &vfsgen۰CompressedFileInfo{
			name:             "worker.tf.template",
			modTime:          time.Date(2025, 12, 11, 5, 40, 27, 656709577, time.UTC),
			uncompressedSize: 4786,

			compressedContent: []byte("\x1f\x8b\x08\x00\x00\x00\x00\x00\x02\xff\xcc\x58\x7b\x4f\xe3\x46\x10\xff\x3f\x9f\x62\x6a\xf5\x0f\x38\x15\x5f\x48\x38\xa0\x95\xa2\x8a\x72\x55\x8b\xd4\x9e\x10\x2a\xaa\xd4\x53\x65\x2d\xf6\x24\xac\xb2\xf6\x6e\xf7\x61\xe0\x90\xbf\x7b\xb5\x0f\x3b\xb6\xe3\x90\xc0\x81\x74\x42\x08\x7b\x76\x66\x7e\xf3\xd8\x79\x18\x8d\x52\x92\x39\x97\x39\x3c\x8e\x00\x24\xfe\x67\xa8\xc4\x2c\x11\x92\x97\x34\x43\xa9\x1c\x19\x80\x0b\x2c\x94\x26\xe9\x12\x66\x81\x02\xa0\xb8\x91\x29\xc2\x0c\xa2\x46\xc9\x41\x2d\x77\xd0\x08\xbc\x6f\x9e\xa2\x20\x57\xa2\x54\x94\x17\x56\x70\x12\x8f\xe3\xb1\xa7\x57\x23\xfb\x5b\x8d\x46\xb5\x0a\x88\x56\x92\x0e\xd3\x28\x94\x49\x41\x72\x04\xb0\xb2\x8f\x8f\xf1\x25\x23\xda\xc2\xc6\xd7\x0a\xa5\x3d\xa9\x2a\xab\x4c\x10\xa5\xee\xb8\xcc\x60\x9d\xf1\x32\x1c\x79\x46\x8d\x05\x29\xb4\xd7\xd9\x63\xfc\xcb\x1d\x7d\x6a\x74\x12\xa3\x6f\x13\x23\xd9\x80\xce\x33\xa3\x6f\xaf\xaf\xfe\xf0\x7c\x12\x17\xd6\x37\x18\xe0\xbb\x72\x47\x96\xad\x1a\x8d\x24\x86\xf0\x45\x92\x14\x19\xcf\x13\x9a\x45\x10\x95\xfe\xaf\xf5\xf6\xe6\x41\x63\xc2\xb0\x58\xe8\x5b\x98\xc1\xa9\x95\x29\x89\xa4\xe4\x86\x21\x44\x29\x33\x4a\xa3\x6c\x98\xf5\x83\x40\x8f\xa8\xb4\xa4\xc5\x62\x04\x90\xe1\x9c\x18\xa6\x83\x11\xe7\x5e\xe0\xe2\x63\x80\x5f\xa9\xa2\x36\xc4\x45\x8a\x49\xca\x4d\xa1\xbd\xba\xae\xec\xdf\x5c\x2e\x51\xc6\xe7\xf6\x3c\x88\x33\x9e\x12\xa6\x2c\x6b\x23\x7e\xcb\x95\x0e\x81\x5c\xc9\xfc\x1e\x88\x55\xb5\x09\x54\x98\xbe\x07\x8c\x2a\xbd\xe7\xdd\xd8\xef\xd8\xd2\x32\xe5\xf2\x7a\xa3\x46\x49\xf2\x17\x68\xbc\x3a\xfb\x73\xa3\xc6\x8c\xaa\xe5\x0b\x54\x7e\xa4\x6a\xb9\x51\x27\x57\x34\x27\x0b\xdc\x31\x7b\xcd\x15\xfa\x8d\x59\xe9\xfa\x56\x76\x54\x93\x92\x50\x46\x6e\x28\xa3\xfa\x21\xf9\xc2\x8b\x67\xeb\x3e\x6b\x29\xf8\x87\x17\xb8\xf9\xa6\xd8\x42\xcc\x88\x26\x2f\x08\xca\x2f\x9c\xeb\x73\x5e\xcc\xe9\x62\x3d\x34\xda\xd6\x30\x4b\x0a\xd4\xcf\x35\xfd\x22\xc8\x7e\x42\x7d\xc7\xe5\x72\xb3\xe5\x54\xbc\xc0\xe6\x8b\xcb\xbe\xad\x78\xff\x72\x5b\x7f\xbd\x1f\xb2\x75\xd5\x0e\x9a\xa6\x97\xa4\x3c\x17\x46\x63\x32\x67\xa4\xe4\x32\x29\x27\x11\x44\xfe\xd9\x63\xba\x82\x0d\x8d\xa6\x24\x32\xee\x56\xf2\x08\x20\xf4\x4a\xdf\x89\xbe\x7f\xd4\xdc\xdb\xb6\x67\x99\x57\x1d\x64\xbf\x3a\x68\x9d\xb9\xca\x8e\xd7\xaa\xfa\xb3\xd3\x19\xd3\x22\xc3\xfb\x7f\xf7\x5d\xa7\x2b\x53\x61\xd4\x20\xbc\x30\x1d\x76\xdb\x15\x49\x0e\x30\xc4\x2b\x49\xde\xe7\xb5\xe5\x36\xc8\x6b\x0f\xfa\xcc\x54\x25\xc2\xdc\x30\x9a\xba\x31\x24\x0d\x6e\x8c\xe6\x0d\xe3\xe9\x52\x69\x2e\xc9\x02\x93\x92\x33\x93\x63\x52\x4e\x6d\xcf\x75\xcf\xed\x90\x3e\x19\xce\x19\xec\x12\xa2\x11\x80\xa2\x5f\x70\x07\x1f\xb6\x24\x5f\x61\xba\x90\xdc\x08\x9f\xfe\xfa\xcd\x5b\xbb\xca\x6f\xc8\x70\x37\xb1\xd5\xc1\x9d\xbb\xc0\x91\xbb\x8c\x2a\x95\x54\xe8\x30\x77\x6b\x3d\x30\xe7\x12\x96\xa7\x0a\x6a\x4e\x9b\x2b\xc3\x30\xcc\xf8\xb9\xe4\x79\x22\xb8\xd4\x0e\x60\x32\x71\x44\xcd\x6b\x52\x8b\x48\x85\x5d\x19\x34\x4f\x39\x73\x99\x48\x85\x9f\xea\x29\xcd\x64\xcb\xc4\x71\xec\x7e\xde\xbb\x99\x5f\x3d\x89\x76\x70\x38\x80\x16\x88\x3d\x34\x9a\xe6\x5f\x0d\x77\x3a\x1e\x80\x0b\xc4\xd7\x77\xee\xe8\x68\x3a\x00\x57\x53\x5f\x1f\x6f\x32\x3d\xf9\x71\x28\x79\xd3\x37\xf3\xf0\x70\x10\xb0\xa6\xbe\x3e\xde\xf1\x70\x48\x8f\xdf\x2e\xa6\x87\xe3\xc9\xd1\xe9\x90\x8f\x0d\xfd\x4d\x30\x3f\x8c\x87\x31\x3f\xbc\x55\x26\xa7\xe3\xf1\x78\x08\x73\x3a\x39\x39\x3e\xf9\x56\x30\x4d\xb6\x13\xe6\x96\x66\xdb\xb4\x69\xd7\x6c\xeb\xb7\xfe\xb4\x05\x18\x9e\x65\xeb\x63\xb7\xc5\xb9\xe3\xd0\x70\x5b\x61\xd2\xd1\xd0\x43\x09\x9b\xe3\x08\x20\xec\x05\xdd\x29\xb0\xeb\x70\xc2\xd4\x48\xbb\x29\xba\x31\xa0\xbc\xec\xe7\x27\xc7\x4f\x5c\x3f\xc7\x56\xa1\x55\xb2\xb6\x72\xd6\xc6\xae\x1d\xd4\x5f\x6f\x76\x6b\x6c\x47\x45\x63\x2e\x18\xd1\x38\xa7\x0c\xf7\x3a\x6e\xd6\x3b\x66\xc7\xf0\x1f\xe0\x11\x5a\xdf\x19\xbb\xf8\x0a\xd5\xbe\xbd\x69\x85\xdf\xb6\xc2\x65\xeb\x86\xcc\xe3\xae\x36\x3a\x7f\x1f\xe9\x3d\x66\x09\x15\x49\x79\xd4\xcf\x00\x15\x5d\x84\xef\x66\x10\x15\x86\xb1\x08\x7e\x7e\x9a\xf1\x27\xb0\x6c\x4f\x5d\xc4\x60\x26\x2d\x16\xc9\x9c\x71\xa2\x69\xb1\xa0\xa2\xde\xfc\xec\xbb\xd8\x61\x4f\x11\x9c\xb3\xda\xaf\xf6\xa6\xba\x7d\xcf\x6c\x10\x89\x52\x3c\xa5\x44\x87\x4a\x98\xb7\x49\xeb\xe5\xb0\xc1\x8e\x5a\x5f\x42\x05\xcc\x60\xbb\x93\x71\x70\x31\x7e\x17\x93\x2c\x93\xa8\xd4\x5a\x75\x34\x91\xcd\x3a\x1a\x07\xea\xb7\x31\x27\x7e\x17\xd3\xec\x59\x2b\x57\x58\x0e\x89\xd6\x24\xbd\xf5\x01\xe8\x90\x76\x0e\xc0\x2b\x99\x0b\x10\xe0\x69\xe6\xb0\xb6\xed\xb4\xb1\x7f\x1a\x76\x9c\x1b\x2d\x8c\x6e\x7f\x12\x15\x73\xee\x3d\x2a\x09\x33\xd8\xfc\x7f\xa7\xa9\x88\x5e\xf6\xb6\x18\x1f\x92\x1b\x8f\xe3\x56\x05\xf9\x8a\xfa\xea\xeb\xe0\x2b\xe7\xff\x00\x00\x00\xff\xff\x23\xb1\x3a\x70\xb2\x12\x00\x00"),
		},
		"/terraform/x86_64/nestos": &vfsgen۰DirInfo{
			name:    "nestos",
			modTime: time.Date(2025, 12, 10, 11, 12, 58, 294511419, time.UTC),
		},
		"/terraform/x86_64/nestos/libvirt": &vfsgen۰DirInfo{
			name:    "libvirt",
			modTime: time.Date(2025, 12, 10, 11, 12, 58, 294511419, time.UTC),
		},
		"/terraform/x86_64/nestos/libvirt/master.tf.template": &vfsgen۰CompressedFileInfo{
			name:             "master.tf.template",
			modTime:          time.Date(2025, 12, 11, 5, 40, 40, 960855389, time.UTC),
			uncompressedSize: 3296,

			compressedContent: []byte("\x1f\x8b\x08\x00\x00\x00\x00\x00\x02\xff\x9c\x57\x4d\x6f\xe3\x36\x10\xbd\xfb\x57\x4c\x89\x3d\x6c\x82\x46\x49\x8b\x45\x5b\x14\x30\x8a\xd6\x01\x5a\x1f\x16\x0d\xd2\xee\x69\x11\x08\x8c\x34\x96\x09\x53\xa4\x4a\x52\x4a\x5d\x43\xff\xbd\x18\x92\xfa\xb2\xe5\xac\x37\x0b\x6c\x24\x53\x33\x6f\x9e\x1e\xe7\x0d\x6d\x87\xc6\xf0\x8d\x36\x25\x1c\x16\x00\x06\xff\xa9\x85\xc1\x3c\xad\x8c\x6e\x44\x8e\xc6\xfa\x65\x00\x29\x9e\x1b\x61\x1c\x2c\xe3\x67\x00\xab\x6b\x93\x21\x2c\x81\xe5\x25\xcf\x1a\x91\x71\x73\x1b\xa3\x58\x0c\x69\xd0\x58\xa1\x15\xc5\xdc\x25\x3f\x26\x3f\x84\xf5\x76\x41\xff\xdb\xc5\xa2\xab\x01\xac\xcb\xf3\xe0\xb5\x11\x94\x71\x38\x24\x0f\x92\x3b\xa2\x96\x7c\x7a\x5c\xb7\x2d\xa3\x1c\x83\xb1\x2e\x33\x5c\xe5\xba\x4c\x45\xce\x80\x35\xe1\x4a\xd9\xcf\x7b\x87\xa9\x44\x55\xb8\x2d\x2c\xe1\x27\xca\x69\xb8\x11\xfc\x59\x22\xb0\x4c\xd6\xd6\xa1\xe9\x83\xdd\xbe\x42\xa2\xb4\x04\xeb\x8c\x50\xc5\x02\x20\xc7\x0d\xaf\xa5\x8b\x0c\x56\x21\x61\x7d\x1f\xcb\x0f\x50\x42\x59\xc7\x55\x86\x69\xa6\x6b\xe5\x2e\x84\xfb\xc8\x09\x2d\x59\x51\x4a\x44\x94\x3a\xe3\xd2\x52\x76\x8f\xb8\xd5\xd6\x29\x5e\x92\xb6\x43\xce\x1f\x71\xb1\x6d\xcf\xf0\x10\xd5\x31\x09\x29\xac\x7b\x1f\x98\x5c\x4d\xa8\x0c\xa8\xeb\x87\x63\xbc\x5e\xa2\xaa\xf9\x90\x66\x22\x37\x17\xbe\x5a\xbf\x57\xab\xf5\xfd\xe3\x89\x5a\x13\xd4\x82\x3b\x7c\xe1\xfb\xaf\x05\xfe\x3d\xa4\xbd\xb2\x13\x55\xfd\x06\x09\x56\x0f\x9f\xce\x6a\x6a\x78\xf9\x06\xc4\xc7\x5f\x3f\x9e\x45\xcc\x85\xdd\xbd\x01\xf2\x5e\xd8\xdd\xf9\x9d\x2f\xd4\x1b\x20\x7f\xd3\xda\xad\xb4\xda\x88\x22\x00\x0f\xce\x8a\x6e\x4c\x2b\xad\x25\x03\x16\x2e\x84\x1f\x9b\x92\xbd\x3b\x34\xdc\x24\x83\x99\xda\x1b\x1f\xd3\x31\xa0\x91\x20\x0c\x7d\xac\xb8\x77\x21\xbb\x6d\xc2\x70\xe8\x06\xc4\xad\x28\x79\x81\xf6\xf6\x04\x88\xcd\x33\x69\xb4\xac\x4b\x24\xa3\xc7\x9b\x9e\x0d\xcc\xf3\x89\x71\x44\x41\x6b\x19\x25\x19\xde\x2a\xf1\x7f\x08\x60\x31\x1e\x64\xe3\x6e\xfb\xf3\xaf\x35\x71\x6c\xbf\x48\x69\xd8\x51\x3f\x09\xa0\xff\xb7\x04\x62\x35\x9d\x13\x03\xed\x21\x8a\xbd\x3b\xf8\x21\x90\x9c\x0c\x80\xcf\x3e\x27\x11\x2a\xc7\x7f\x9f\xda\x1b\x5f\x89\x46\x1c\xb7\x18\xeb\xa7\x22\x1f\xbd\x5a\x58\x4b\xe2\x45\xe4\xc3\xeb\x0f\xd5\xce\xcb\x20\xfe\x9b\xf2\x9a\xb0\xa7\xda\x13\x3a\x70\x0d\xdf\xdd\x7d\xff\x61\x7a\x99\x97\x4a\x14\x4a\x38\xa1\x15\x03\x36\xdc\x8e\x05\xfb\x82\x52\x5f\x21\x51\x8f\x3f\x7a\xf5\x57\xde\x39\xd3\xca\xa1\x22\x5f\x38\x2c\x2b\xc9\x1d\x6e\x84\xc4\xf7\x13\x36\xa2\x50\x93\x22\xdf\xc2\x01\x46\x13\xfa\x12\x5e\xd0\x5e\xcd\x2b\xa3\xd0\xbd\x68\xb3\x63\xc0\xfa\xbb\xc3\xa4\x45\x66\x9b\x5b\xa1\x3f\x61\x4b\x9d\x0f\x51\x8a\xfb\xb5\x5c\x97\x5c\xa8\x73\x99\x89\x27\x4b\x71\x3c\xcf\x0d\x5a\x8b\x16\x96\xf0\x79\x12\xd5\x8d\xfd\xa7\x05\xc1\x6d\xb3\x2a\x1e\xf8\xa8\x68\xea\x50\xb7\x39\x53\xa3\x3f\xc2\x29\x40\xd9\xa3\xe7\xbe\x74\x0c\x81\xa0\x4e\xaa\x95\xdc\x1f\x25\x1a\x5d\x3b\xec\x72\xa9\xde\xd0\x73\x27\x54\x7c\x4c\x3c\x34\xe6\x62\xe2\xa3\x0e\x9a\xd7\x4e\x5b\xc7\xfd\x97\x15\x5f\x72\x56\xfa\xa0\x94\x57\xde\x3a\x6d\x67\x1d\x7c\xa1\x85\x83\xd6\x54\x94\xe6\xed\xfb\xa9\xe8\x57\xed\xcd\xe8\xd9\x25\xdd\x72\xd5\xd2\x0e\x65\x55\x1d\xd5\xf1\xfb\xbc\x04\x46\xc1\x37\x15\xb7\xd6\x6d\x8d\xae\x8b\x2d\x5b\x84\xef\x52\x0d\x85\xbe\x42\xba\xaa\x27\xf0\xd4\x39\x58\x6a\xb3\x3f\x9b\x61\x78\x79\x9c\x91\x69\x83\xda\xf6\x4e\x1e\x79\xaa\x5b\x4a\xfa\x9b\xeb\x44\xe4\x27\x15\x79\xb6\x15\x0a\xc7\x8a\xf9\x93\xc8\xaf\xfe\xbd\xaf\xfc\x9c\x1d\x6f\x5d\x17\x16\x7b\xa6\x3b\xd9\x46\xf9\xbb\xa6\x64\xbe\x05\x85\xdd\x45\xa5\x5e\x99\x89\x14\x35\xcb\xcc\xb7\x4c\x74\x5f\x2a\x94\x43\xb3\xe1\x19\x46\xc0\x6e\xbd\x3f\x6a\x8e\x8c\x9b\xf4\xd7\x30\x4f\x60\x98\x0c\xfd\xbc\xbd\x60\xc7\x7d\xe6\x60\xc9\xb9\x3d\x11\xd5\x74\xa2\x7c\x43\x9e\xaf\xa5\x64\xf0\x4b\x30\xf0\xb9\xc8\x27\xf8\x19\x28\xd0\xd7\x78\xe1\xc2\xa5\x1b\x6d\x52\x89\xdc\xe2\x91\x25\x0b\xc3\xab\xad\xc8\x3a\x53\x8e\x25\x5f\x02\x6b\x54\xc6\xe2\x2f\x01\xeb\x50\xa5\xdd\x49\x1f\x69\xb3\x0e\x25\xd3\xca\x6a\x89\xf3\x20\x95\xdb\x07\x10\xc7\x4d\x81\x34\x90\xbd\x4b\xd9\x1d\xeb\x7e\x13\xe8\xda\x55\xb5\x03\x46\xc6\x0e\x9e\x6c\xb8\xac\x71\x24\x7d\x30\x6e\x12\x6c\x9b\x5c\x27\x27\x7b\x97\xdc\x25\xbd\x96\x8b\xf6\xff\x00\x00\x00\xff\xff\x3e\xca\xa6\x73\xe0\x0c\x00\x00"),
		},
		"/terraform/x86_64/nestos/libvirt/worker.tf.template": &vfsgen۰CompressedFileInfo{
			name:             "worker.tf.template",
			modTime:          time.Date(2025, 12, 11, 5, 41, 1, 653078769, time.UTC),
			uncompressedSize: 2595,

			compressedContent: []byte("\x1f\x8b\x08\x00\x00\x00\x00\x00\x02\xff\x9c\x56\xc1\x6e\xe3\x36\x10\xbd\xeb\x2b\xa6\xc4\x1e\x92\xa0\x51\xd3\x62\xd1\x16\x05\x8c\xa2\xcd\x1e\x9a\xc3\xa2\xc1\xb6\x8b\x1e\x16\x0b\x81\x91\xc6\xf2\xc0\x14\xa9\x0e\x49\xa5\xae\xa1\x7f\x2f\x48\xd1\x96\x14\xdb\xa9\xd7\x01\x02\xc9\xe4\xcc\x9b\xc7\xc7\x37\x14\x1d\x32\xcb\xa5\xe1\x06\xb6\x19\x00\xe3\xdf\x9e\x18\xab\xa2\x65\xd3\x51\x85\x6c\xe3\x30\x80\xa2\xa7\x8e\xd8\xc1\x22\xfd\x06\xb0\xc6\x73\x89\xb0\x00\x51\x35\xb2\xec\xa8\x94\xfc\x4d\x8a\x12\x29\xa4\x43\xb6\x64\x74\x88\xb9\xcb\x7f\xc8\xbf\x1f\xc6\xfb\x2c\xfc\xf7\x59\xb6\xab\x01\x62\x97\x17\xc1\x3d\x53\xc8\xd8\x6e\xf3\x47\x25\x5d\xa0\x96\x7f\xfc\xf0\xd0\xf7\x22\xe4\x30\xa6\xba\x82\xa5\xae\x4c\x53\x50\x25\x40\x74\xc3\x33\x64\x3f\x6d\x1c\x16\x0a\x75\xed\x56\xb0\x80\x1f\x43\x4e\x27\x99\xe4\x93\x42\x10\xa5\xf2\xd6\x21\xef\x83\xdd\xa6\xc5\x40\x69\x01\xd6\x31\xe9\x3a\x03\xa8\x70\x29\xbd\x72\x89\xc1\xfd\x90\xf0\xf0\x2e\x95\x1f\xa1\x48\x5b\x27\x75\x89\x45\x69\xbc\x4e\xcc\xe7\xb9\x7f\x19\x5e\x23\xe7\xf7\x61\x3e\xa5\x2b\x53\x4a\x65\x43\xe8\x3e\x7d\x65\xac\xd3\xb2\x09\x42\x8e\x39\xbf\xa5\xc1\xbe\x3f\x51\x94\xda\x97\x0b\x50\x64\xdd\xd5\xb0\x8a\xeb\x19\x95\x11\xf5\xe1\xf1\x24\x5e\xd9\xfa\x0b\x00\xef\x1f\x3f\x9e\x44\x64\xd9\x5c\x80\xf8\xe1\x97\xf7\x27\x11\x2b\xb2\xeb\x0b\x20\xdf\x91\x5d\x9f\xd6\xb1\xd6\x17\x40\xfe\x6a\x8c\xbb\x37\x7a\x49\xf5\x00\x3c\x9a\x32\x19\xb9\xe8\x8c\xf2\x0d\x06\x67\xa6\x97\x50\x23\x6e\x73\x28\x21\xde\x6c\x3b\xc9\xf9\xe8\xc6\xfe\x36\xc5\x65\x00\xad\x31\xea\x54\x54\x98\x0b\x31\x63\xef\x4d\xbb\xe4\xf7\x3f\x1e\x1a\x59\xe3\x41\xa7\x1c\x90\x1a\x95\x8c\xe6\x85\xc9\xdf\x02\x42\xcd\xb9\xb9\x47\xea\xd3\x38\xf1\x66\x1b\xed\x9c\x1f\x58\xf9\x53\xcc\xca\x49\x57\xf8\xcf\xe7\xfe\x36\x56\x0b\x9d\x29\x2d\x26\x0e\x45\x72\xfc\x39\x42\xbc\xa8\x79\x52\x12\xfa\xf7\x25\xc3\xd9\x4a\x02\x8b\x19\x31\xb8\x81\x6f\xef\xbe\x7b\x3b\x7f\x1c\x17\x8e\x6a\x4d\x8e\x8c\x16\x20\xc6\xd7\xa9\x7c\xff\xa3\xda\x17\x88\xb5\xc7\x9f\x08\xf0\xea\xba\x4b\xa3\x1d\xea\xe0\x4f\x87\x4d\xab\xa4\xc3\x25\x29\xbc\x9a\xf1\xa1\x5a\xcf\xca\x7c\x0d\x5b\x98\x9c\x3b\xe7\x30\x83\xfe\xfa\xb8\x36\x95\x69\x24\x05\x65\x34\x5a\x67\xec\x71\x5b\x9d\xe9\xaa\xb8\x50\x67\x86\xe6\xbb\x9a\xaf\xf8\xba\xbf\x9d\xcc\x9d\x43\xf9\xba\x8f\xfa\xb4\x3e\x7d\xb2\x1a\x53\x45\xcf\x85\xe0\xdb\x56\x5a\xeb\x56\x6c\x7c\xbd\x12\xd9\xf0\x4d\xea\x42\xe8\x2b\xa4\x5b\x3f\x83\xcf\x00\x1a\x6c\x0c\x6f\x4e\x66\xb0\x6c\x5e\x66\x94\x86\xd1\xd8\xbd\xa1\xe2\x71\x33\xf7\x58\xbe\x7f\xb9\xc9\xa9\x3a\xa8\x28\xcb\x15\x69\x9c\x2a\xb6\xdd\xe6\xef\x87\xd1\x3f\x37\x6d\x6c\x7e\x00\xe9\x83\x52\x92\xdd\x3e\xcc\xb1\xc7\xc9\x31\x37\xc9\x5f\x77\x8d\xc8\xc2\x41\x47\x76\x9d\x94\x4a\x4d\x4a\xd5\x84\xdf\x30\x96\x87\xa8\xa3\xcc\xfa\x80\xa1\xd1\x3d\x1b\x5e\x17\xa4\x1d\xf2\x52\x96\x98\x00\x77\xe3\xaf\x9d\x80\x1a\xd3\xbd\x61\xef\xcc\x1d\xc5\x73\x36\x3b\x66\xca\xaa\x62\xb4\x16\xed\xd1\xed\xa0\x76\xee\xe8\xaf\x16\x20\xb4\x57\x4a\xc0\xcf\xf0\xe9\xb5\xc8\xcf\xf0\x13\x84\xc0\x58\xe3\x59\x92\x2b\x96\x86\x0b\x85\xd2\xe2\xa8\x6c\x5c\x7f\xcd\xb2\x5d\x51\xb9\xbb\x34\x4d\xd5\x5e\x80\xe8\x74\x29\xd2\x65\xca\x3a\xd4\x45\x9c\x5e\x80\x48\xb4\xc5\x0e\xa5\x34\xda\x1a\x85\xc7\x41\x5a\xb7\x19\x40\x9c\xe4\x1a\x5d\xd1\x9a\x78\x2b\x13\x77\x62\x77\xad\x32\xde\xb5\xde\x81\xa0\xb6\x7b\x3b\xb4\x63\x27\x95\xc7\xc9\x5e\x0e\x3d\x9b\x0f\x1d\x9b\xdf\xe4\x07\xdb\x96\xdf\xe5\x7b\x2d\xb3\xfe\xbf\x00\x00\x00\xff\xff\x6f\xe7\xf6\x0d\x23\x0a\x00\x00"),
		},
		"/terraform/x86_64/nestos/openstack": &vfsgen۰DirInfo{
			name:    "openstack",
			modTime: time.Date(2025, 12, 10, 11, 12, 58, 294511419, time.UTC),
		},
		"/terraform/x86_64/nestos/openstack/master.tf.template": &vfsgen۰CompressedFileInfo{
			name:             "master.tf.template",
			modTime:          time.Date(2025, 12, 11, 5, 41, 14, 49210669, time.UTC),
			uncompressedSize: 4805,

			compressedContent: []byte("\x1f\x8b\x08\x00\x00\x00\x00\x00\x02\xff\xcc\x58\x6d\x4f\xe3\xc6\x13\x7f\x9f\x4f\x31\x7f\xeb\xff\x02\x4e\xc5\x17\x12\x0e\x68\xa5\xa8\xa2\x5c\xd5\x22\xf5\x4e\x08\x95\x37\x3d\x55\xd6\x62\x4f\xc2\x2a\x6b\xef\x76\x1f\x7c\x70\xc8\xdf\xbd\xda\x07\x3b\x76\xe2\x10\x93\x03\xa9\x42\x08\x7b\x76\xe6\xf7\x9b\x87\x9d\xdd\x31\x1a\xa5\x24\x73\x2e\x73\x78\x1a\x01\x48\xfc\xc7\x50\x89\x59\x22\x24\x2f\x69\x86\x52\x39\x31\x00\x17\x58\x28\x4d\xd2\x25\xcc\x82\x04\x40\x71\x23\x53\x84\x19\x44\x0d\xc8\x51\x6d\x77\xd4\x18\xbc\x6f\x9e\xa2\x60\x57\xa2\x54\x94\x17\xd6\x70\x12\x8f\xe3\xb1\x97\x57\x23\xfb\x5b\x8d\x46\x35\x04\x44\x2b\x4b\xc7\x69\x14\xca\xa4\x20\x39\x02\x58\xdb\xa7\xa7\xf8\x9a\x11\x6d\x69\xe3\x5b\x85\xd2\xae\x54\x95\x05\x13\x44\xa9\xaf\x5c\x66\xb0\xa9\x78\x1d\x96\xbc\xa2\xc6\x82\x14\xda\x63\xae\x29\xfe\xe9\x96\x3e\x37\x98\xc4\xe8\xfb\xc4\x48\xd6\x83\x79\x61\xf4\xfd\xed\xcd\x1f\x5e\x4f\xe2\xc2\xc6\x06\x3d\x7a\x37\x6e\xc9\xaa\x55\xa3\x91\xc4\x90\xbe\x48\x92\x22\xe3\x79\x42\xb3\x08\xa2\xd2\xff\xb5\xd1\xde\x3d\x6a\x4c\x18\x16\x0b\x7d\x0f\x33\x38\xb7\x36\x25\x91\x94\xdc\x31\x84\x28\x65\x46\x69\x94\x8d\xb2\x7e\x14\xe8\x19\x95\x96\xb4\x58\x8c\x00\x32\x9c\x13\xc3\x74\x70\xe2\xd2\x1b\x5c\x7d\x0c\xf4\x2b\x28\x6a\x53\x5c\xa4\x98\xa4\xdc\x14\x7a\x20\xdc\x27\x62\xd1\xe2\x4b\x6b\x12\x10\x19\x4f\x09\x53\xd6\xba\x41\xbc\xe7\x4a\x87\xdc\xae\x6c\x7e\x0f\xc2\xaa\xda\xe6\x87\x30\xeb\x5e\x30\xaa\xf4\x81\x77\xe5\xb0\xe3\x4b\xcb\x95\xeb\xdb\xad\x88\x92\xe4\x7b\x20\xde\x5c\x7c\xda\x8a\x98\x51\xb5\xdc\x03\xf2\x23\x55\xcb\xad\x98\x5c\xd1\x9c\x2c\x70\x60\x05\x9a\x5d\xf5\x1b\xb3\xd6\xf5\x46\xed\x40\x93\x92\x50\x46\xee\x28\xa3\xfa\x31\xf9\xc6\x8b\x17\x63\x5f\xb4\x00\xfe\xe2\x05\x6e\xdf\x3c\xb6\x37\x33\xa2\xc9\x1e\x49\xf9\x85\x73\x7d\xc9\x8b\x39\x5d\x6c\xa6\x46\xdb\xb6\x66\x49\x81\xfa\xa5\xae\x5f\x05\xdb\xcf\xa8\xbf\x72\xb9\xdc\xee\x39\x15\x7b\xf8\x7c\x75\xbd\xee\x2b\x3e\xec\xef\xeb\xaf\x0f\x7d\xbe\xae\x4e\x88\xe6\x1c\x4c\x52\x9e\x0b\xa3\x31\x99\x33\x52\x72\x99\x94\x93\x08\x22\xff\xec\x39\x5d\x0f\x87\xb3\xa7\x24\x32\xee\x36\xf7\x08\x20\x1c\x9f\xfe\x70\xfa\xff\x93\xe6\xde\xb7\x03\xab\xbc\x3a\x54\x0e\xab\xa3\xd6\x9a\xeb\xec\x78\xa3\xab\xbf\x38\xcc\x98\x16\x19\x3e\xfc\x7d\xe8\x0e\xbf\x32\x15\x46\xf5\xd2\x0b\xd3\x51\xb7\x07\x25\xc9\x01\xfa\x74\x25\xc9\xd7\x75\x6d\xbb\xf5\xea\xda\x85\x75\x65\xaa\x12\x61\xee\x18\x4d\xdd\xcd\x24\x0d\x6e\xcd\xe6\x1d\xe3\xe9\x52\x69\x2e\xc9\x02\x93\x92\x33\x93\x63\x52\x4e\xed\x31\xec\x9e\xdb\x29\x7d\x36\x9d\x33\x18\x92\xa2\x11\x80\xa2\xdf\x70\x40\x0c\x3b\x8a\xaf\x30\x5d\x48\x6e\x84\x2f\x7f\xfd\xe6\xbd\x5d\xd5\x37\x54\xb8\x5b\xd8\xea\x28\x77\x1b\x38\x72\x9b\x51\xa5\x92\x0a\x1d\xae\xe2\x1a\x07\xe6\x5c\xc2\xf2\x5c\x41\xad\x69\x6b\x65\x18\x86\x6b\x7f\x2e\x79\x9e\x08\x2e\xb5\x23\x98\x4c\x9c\x50\xf3\x5a\xd4\x12\x52\x61\xa7\x08\xcd\x53\xce\x5c\x25\x52\xe1\x2f\xfa\x94\x66\xb2\xe5\xe2\x38\x76\x3f\xef\xdd\x18\x50\x3d\xcb\x76\x74\xdc\xc3\x16\x84\x6b\x6c\x34\xcd\xbf\x9b\xee\x7c\xdc\x43\x17\x84\xaf\x1f\xdc\xc9\xc9\xb4\x87\xae\x96\xbe\x3e\xdf\x64\x7a\xf6\x63\x5f\xf1\xa6\x6f\x16\xe1\x71\x2f\x61\x2d\x7d\x7d\xbe\xd3\xfe\x94\x9e\xbe\x5d\x4e\x8f\xc7\x93\x93\xf3\xbe\x18\x1b\xf9\x9b\x70\x7e\x18\xf7\x73\x7e\x78\xab\x4a\x4e\xc7\xe3\x71\x1f\xe7\x74\x72\x76\x7a\xf6\x5f\xe1\x34\xd9\x20\xce\x1d\x87\x6d\x73\x4c\xbb\xc3\xb6\x7e\x5b\xbf\x6d\x01\xfa\xef\xb2\xcd\x6b\xb7\xa5\x39\xf0\xd2\x70\x53\x61\xd2\x41\x58\x63\x09\x93\xe3\x08\x20\xcc\x05\xdd\x5b\x60\xe8\xe5\x84\xa9\x91\x76\x52\x74\xd7\x80\xf2\xb6\x5f\x9e\xbd\x7e\xe2\xfa\x39\xb6\x80\x16\x64\x63\xe4\xac\x9d\xdd\x58\xa8\x3f\xe8\xec\xd4\xd8\xce\x8a\xc6\x5c\x30\xa2\x71\x4e\x19\x1e\x74\xc2\xac\x67\xcc\x8e\xe3\x3f\xc0\x13\xb4\xbe\x33\x86\xc4\x0a\xd5\xa1\xdd\x69\x85\x9f\xb6\xc2\x66\xeb\xa6\xcc\xf3\xae\x26\x3a\xbf\x1f\xe9\x03\x66\x09\x15\x49\x79\xb2\x5e\x01\x2a\xba\x0c\xff\x9b\x41\x54\x18\xc6\x22\xf8\xf9\x79\xc5\x9f\xc0\xaa\x3d\xb7\x11\x83\x9b\xb4\x58\x24\x73\xc6\x89\xa6\xc5\x82\x8a\x7a\xf2\xb3\xef\x62\xc0\x9c\x22\x38\x67\x75\x5c\xed\x49\x75\xf7\x9c\xd9\x30\x12\xa5\x78\x4a\x89\x0e\x9d\x30\x6f\x8b\x36\xdb\x61\x8b\x1f\x35\x5e\x42\x05\xcc\x60\x77\x90\x71\x08\x31\x7e\x17\x93\x2c\x93\xa8\xd4\x46\x77\x34\x99\xcd\x3a\x88\x3d\xfd\xdb\xb8\x13\xbf\x8b\x69\xf6\xa2\x91\x2b\x0c\x87\x44\x6b\x92\xde\xfb\x04\x74\x44\x83\x13\xf0\x4a\xee\x02\x04\x7a\x9a\x39\xae\x5d\x33\x6d\xec\x9f\xfa\x03\xe7\x46\x0b\xa3\xdb\x9f\x44\xc5\x9c\xfb\x88\x4a\xc2\x0c\x36\xff\xf2\x69\x3a\x62\xad\x7a\x3b\x9c\x0f\xc5\x8d\xc7\x71\xab\x83\x7c\x47\x7d\xf7\x76\xf0\x9d\xf3\x6f\x00\x00\x00\xff\xff\xdc\xb8\x4b\x19\xc5\x12\x00\x00"),
		},
		"/terraform/x86_64/nestos/openstack/worker.tf.template": &vfsgen۰CompressedFileInfo{
			name:             "worker.tf.template",
			modTime:          time.Date(2025, 12, 11, 5, 41, 39, 333475400, time.UTC),
			uncompressedSize: 4786,

			compressedContent: []byte("\x1f\x8b\x08\x00\x00\x00\x00\x00\x02\xff\xcc\x58\x6d\x4f\xe3\x46\x10\xfe\x9e\x5f\x31\xb5\xfa\x01\x4e\xc5\x17\x12\x0e\x68\x25\x54\x51\xae\x6a\x91\xda\x13\x42\x45\x95\x7a\xaa\xac\xc5\x9e\x84\x55\xd6\xde\xed\xbe\x18\x38\xe4\xff\x5e\xed\x8b\x1d\xdb\x71\x48\xc8\x81\x74\x42\x08\x7b\x76\xe6\x79\x66\x66\x77\x76\xc6\x68\x94\x92\xcc\xb8\xcc\xe1\x69\x04\x20\xf1\x3f\x43\x25\x66\x89\x90\xbc\xa4\x19\x4a\xe5\xc4\x00\x5c\x60\xa1\x34\x49\x17\x70\x16\x24\x00\x8a\x1b\x99\x22\x9c\x41\xd4\x80\x1c\xd4\x76\x07\x8d\xc1\xfb\xe6\x29\x0a\x76\x25\x4a\x45\x79\x61\x0d\x27\xf1\x38\x1e\x7b\x79\x35\xb2\xbf\xd5\x68\x54\x43\x40\xb4\xb4\x74\x9c\x46\xa1\x4c\x0a\x92\x23\x80\xb5\x7d\x7a\x8a\xaf\x18\xd1\x96\x36\xbe\x51\x28\xed\x4a\x55\x59\x30\x41\x94\xba\xe7\x32\x83\x55\xc5\xab\xb0\xe4\x15\x35\x16\xa4\xd0\x1e\xb3\xa7\xf8\x97\x5b\xfa\xd4\x60\x12\xa3\xef\x12\x23\xd9\x00\xe6\xb9\xd1\x77\x37\xd7\x7f\x78\x3d\x89\x73\x1b\x1b\x0c\xe8\x5d\xbb\x25\xab\x56\x8d\x46\x12\x43\xfa\x22\x49\x8a\x8c\xe7\x09\xcd\x22\x88\x4a\xff\xd7\x46\x7b\xfb\xa8\x31\x61\x58\xcc\xf5\x1d\x9c\xc1\xa9\xb5\x29\x89\xa4\xe4\x96\x21\x44\x29\x33\x4a\xa3\x6c\x94\xf5\xa3\x40\xcf\xa8\xb4\xa4\xc5\x7c\x04\x90\xe1\x8c\x18\xa6\x83\x13\x17\xde\xe0\xf2\x63\xa0\x5f\x42\x51\x9b\xe2\x22\xc5\x24\xe5\xa6\xd0\x1e\xae\x6b\xfb\x37\x97\x0b\x94\xf1\x85\x5d\x0f\xe6\x8c\xa7\x84\x29\xab\xda\x98\xdf\x71\xa5\x43\x22\x97\x36\xbf\x07\x61\x55\xad\x23\x15\xa6\x1f\x01\xa3\x4a\xef\xf9\x30\xf6\x3b\xbe\xb4\x5c\xb9\xba\x59\x8b\x28\x49\xbe\x03\xe2\xf5\xf9\x9f\x6b\x11\x33\xaa\x16\x3b\x40\x7e\xa4\x6a\xb1\x16\x93\x2b\x9a\x93\x39\x6e\xb9\x7b\xcd\x11\xfa\x8d\x59\xeb\xfa\x54\x76\xa0\x49\x49\x28\x23\xb7\x94\x51\xfd\x98\x7c\xe1\xc5\x8b\xb1\xcf\x5b\x00\xff\xf0\x02\xd7\x9f\x14\x5b\x88\x19\xd1\x64\x87\xa4\xfc\xc2\xb9\xbe\xe0\xc5\x8c\xce\x57\x53\xa3\x6d\x0d\xb3\xa4\x40\xfd\x52\xd7\x2f\x83\xed\x27\xd4\xf7\x5c\x2e\xd6\x7b\x4e\xc5\x0e\x3e\x5f\x5e\xf5\x7d\xc5\x87\xdd\x7d\xfd\xf5\x61\xc8\xd7\xe5\x75\xd0\x5c\x7a\x49\xca\x73\x61\x34\x26\x33\x46\x4a\x2e\x93\x72\x12\x41\xe4\x9f\x3d\xa7\x2b\xd8\x70\xd1\x94\x44\xc6\xdd\x4a\x1e\x01\x84\xbb\xd2\xc7\x69\x2b\x36\x5e\xa9\xd6\xcf\x4e\x37\xa6\x45\x86\x0f\xff\x8e\x00\xca\x54\x18\x35\x88\x29\x4c\x5f\x57\x92\x1c\x60\x48\x57\x92\xbc\xaf\x6b\x6b\x68\x50\xd7\x2e\xf4\x95\xa9\x4a\x84\xb9\x65\x34\x75\xbd\x45\x1a\x5c\x9b\xa2\x5b\xc6\xd3\x85\xd2\x5c\x92\x39\x26\x25\x67\x26\xc7\xa4\x9c\xda\x8b\xd4\x3d\xb7\xf3\xf4\x6c\x8e\xb6\xce\x8f\xa2\x5f\x70\x8b\x18\x36\xec\xa8\xc2\x74\x2e\xb9\x11\x7e\x4f\xeb\x37\xef\xed\x72\xd3\x5c\x03\xf9\xfe\xc9\x52\x2d\xef\xfb\xea\xe0\xde\x9d\xca\xc8\x9d\x30\x95\x4a\x2a\x74\x68\xa6\x35\x0e\xcc\xb8\x84\xc5\xa9\x82\x5a\xd3\xee\x95\x61\x18\x1a\xf7\x4c\xf2\x3c\x11\x5c\x6a\x47\x30\x99\x38\xa1\xe6\xb5\xa8\x25\xa4\xc2\xce\x01\x9a\xa7\x9c\xb9\x9d\x48\x85\x6f\xd5\x29\xcd\x64\xcb\xc5\x71\xec\x7e\xde\xbb\x46\x5e\x3d\xcb\x76\x70\x38\xc0\x16\x84\x3d\x36\x9a\xe6\x5f\x4d\x77\x3a\x1e\xa0\x0b\xc2\xd7\x0f\xee\xe8\x68\x3a\x40\x57\x4b\x5f\x9f\x6f\x32\x3d\xf9\x71\x68\xf3\xa6\x6f\x16\xe1\xe1\x20\x61\x2d\x7d\x7d\xbe\xe3\xe1\x94\x1e\xbf\x5d\x4e\x0f\xc7\x93\xa3\xd3\xa1\x18\x1b\xf9\x9b\x70\x7e\x18\x0f\x73\x7e\x78\xab\x9d\x9c\x8e\xc7\xe3\x21\xce\xe9\xe4\xe4\xf8\xe4\x5b\xe1\x34\xd9\x56\x9c\x1b\x2e\xdb\xe6\x9a\x76\x97\x6d\xfd\xd6\x6f\xa1\x00\xc3\xbd\x6c\xb5\x97\x42\xe7\x76\xd6\xdc\x37\xfc\xbd\xee\x35\xbd\x5f\x1d\xb4\xd6\xb6\x69\x2e\xfb\xee\xf3\xc1\x4d\x85\x49\x87\xac\xe7\x50\x98\x1c\x47\x00\x61\x2e\xe8\x36\x8c\x6d\xfb\x18\xa6\x46\xda\x49\xd1\x75\x0c\xe5\x6d\x3f\x3f\xdb\xa9\xe2\xfa\x39\xb6\x80\x16\x64\x65\xe4\xac\x9d\x5d\x59\xa8\xbf\xde\xec\xd4\xd8\x4e\xa0\xc6\x5c\x30\xa2\x71\x46\x19\xee\x75\xc2\xac\x67\xcc\x8e\xe3\x3f\xc0\x13\xb4\xbe\x33\xb6\x89\x15\xaa\x7d\x7b\x28\x0b\x3f\x6d\x85\x73\xd9\x4d\x99\xe7\x5d\x4e\x74\xfe\xe8\xd2\x07\xcc\x12\x2a\x92\xf2\xa8\xbf\x03\x54\x74\x19\xbe\x3b\x83\xa8\x30\x8c\x45\xf0\xf3\xf3\x8a\x3f\x81\x55\x7b\xee\xcc\x06\x37\x69\x31\x4f\x66\x8c\x13\x4d\x8b\x39\x15\xf5\xe4\x67\xdf\xc5\x16\x23\x8d\xe0\x9c\xd5\x71\xb5\x27\xd5\xcd\x73\x66\xc3\x48\x94\xe2\x29\x25\x3a\x14\xcd\xac\x2d\x5a\xad\x9c\x35\x7e\xd4\x78\x09\x15\x70\x06\x9b\x83\x8c\x43\x88\xf1\xbb\x98\x64\x99\x44\xa5\x56\x06\xc3\x26\xb3\x59\x07\x71\xa0\xd4\x1b\x77\xe2\x77\x31\xcd\x5e\x34\x9d\x85\x39\x92\x68\x4d\xd2\x3b\x9f\x80\x8e\x68\xeb\x04\xbc\x92\xbb\x00\x81\x9e\x66\x8e\x6b\xd3\xf8\x1b\xfb\xa7\xe1\xc0\xb9\xd1\xc2\xe8\xf6\x27\x51\x31\xe3\x3e\xa2\x92\x30\x83\xcd\xff\x77\x9a\x8a\xe8\xed\xde\x06\xe7\xc3\xe6\xc6\xe3\xb8\x55\x41\xbe\xa2\xbe\xfa\x38\xf8\xca\xf9\x3f\x00\x00\xff\xff\x50\x66\xa7\x6b\xb2\x12\x00\x00"),
		},
	}
	fs["/"].(*vfsgen۰DirInfo).entries = []os.FileInfo{
		fs["/bootconfig"].(os.FileInfo),
		fs["/housekeeper"].(os.FileInfo),
		fs["/kickstart"].(os.FileInfo),
		fs["/terraform"].(os.FileInfo),
	}
	fs["/bootconfig"].(*vfsgen۰DirInfo).entries = []os.FileInfo{
		fs["/bootconfig/files"].(os.FileInfo),
		fs["/bootconfig/systemd"].(os.FileInfo),
	}
	fs["/bootconfig/files"].(*vfsgen۰DirInfo).entries = []os.FileInfo{
		fs["/bootconfig/files/etc"].(os.FileInfo),
	}
	fs["/bootconfig/files/etc"].(*vfsgen۰DirInfo).entries = []os.FileInfo{
		fs["/bootconfig/files/etc/docker"].(os.FileInfo),
		fs["/bootconfig/files/etc/hosts.template"].(os.FileInfo),
		fs["/bootconfig/files/etc/isulad"].(os.FileInfo),
		fs["/bootconfig/files/etc/nkdfiles"].(os.FileInfo),
		fs["/bootconfig/files/etc/sysctl.d"].(os.FileInfo),
		fs["/bootconfig/files/etc/systemd"].(os.FileInfo),
	}
	fs["/bootconfig/files/etc/docker"].(*vfsgen۰DirInfo).entries = []os.FileInfo{
		fs["/bootconfig/files/etc/docker/daemon.json.template"].(os.FileInfo),
	}
	fs["/bootconfig/files/etc/isulad"].(*vfsgen۰DirInfo).entries = []os.FileInfo{
		fs["/bootconfig/files/etc/isulad/daemon.json.template"].(os.FileInfo),
	}
	fs["/bootconfig/files/etc/nkdfiles"].(*vfsgen۰DirInfo).entries = []os.FileInfo{
		fs["/bootconfig/files/etc/nkdfiles/init-config.yaml.template"].(os.FileInfo),
		fs["/bootconfig/files/etc/nkdfiles/node-pivot.sh.template"].(os.FileInfo),
	}
	fs["/bootconfig/files/etc/sysctl.d"].(*vfsgen۰DirInfo).entries = []os.FileInfo{
		fs["/bootconfig/files/etc/sysctl.d/kubernetes.conf"].(os.FileInfo),
	}
	fs["/bootconfig/files/etc/systemd"].(*vfsgen۰DirInfo).entries = []os.FileInfo{
		fs["/bootconfig/files/etc/systemd/system"].(os.FileInfo),
	}
	fs["/bootconfig/files/etc/systemd/system"].(*vfsgen۰DirInfo).entries = []os.FileInfo{
		fs["/bootconfig/files/etc/systemd/system/kubelet.service.d"].(os.FileInfo),
	}
	fs["/bootconfig/files/etc/systemd/system/kubelet.service.d"].(*vfsgen۰DirInfo).entries = []os.FileInfo{
		fs["/bootconfig/files/etc/systemd/system/kubelet.service.d/10-kubeadm.conf.template"].(os.FileInfo),
	}
	fs["/bootconfig/systemd"].(*vfsgen۰DirInfo).entries = []os.FileInfo{
		fs["/bootconfig/systemd/init-cluster.service"].(os.FileInfo),
		fs["/bootconfig/systemd/join-master.service.template"].(os.FileInfo),
		fs["/bootconfig/systemd/join-worker.service.template"].(os.FileInfo),
		fs["/bootconfig/systemd/kubelet.service"].(os.FileInfo),
		fs["/bootconfig/systemd/release-image-pivot.service"].(os.FileInfo),
		fs["/bootconfig/systemd/set-kernel-para.service"].(os.FileInfo),
	}
	fs["/housekeeper"].(*vfsgen۰DirInfo).entries = []os.FileInfo{
		fs["/housekeeper/1housekeeper.io_updates.yaml"].(os.FileInfo),
		fs["/housekeeper/2namespace.yaml"].(os.FileInfo),
		fs["/housekeeper/3role.yaml"].(os.FileInfo),
		fs["/housekeeper/4role_binding.yaml"].(os.FileInfo),
		fs["/housekeeper/5deployment.yaml.template"].(os.FileInfo),
		fs["/housekeeper/6daemonset.yaml.template"].(os.FileInfo),
	}
	fs["/kickstart"].(*vfsgen۰DirInfo).entries = []os.FileInfo{
		fs["/kickstart/controlplane"].(os.FileInfo),
		fs["/kickstart/master"].(os.FileInfo),
		fs["/kickstart/worker"].(os.FileInfo),
	}
	fs["/kickstart/controlplane"].(*vfsgen۰DirInfo).entries = []os.FileInfo{
		fs["/kickstart/controlplane/kickstart.cfg.template"].(os.FileInfo),
	}
	fs["/kickstart/master"].(*vfsgen۰DirInfo).entries = []os.FileInfo{
		fs["/kickstart/master/kickstart.cfg.template"].(os.FileInfo),
	}
	fs["/kickstart/worker"].(*vfsgen۰DirInfo).entries = []os.FileInfo{
		fs["/kickstart/worker/kickstart.cfg.template"].(os.FileInfo),
	}
	fs["/terraform"].(*vfsgen۰DirInfo).entries = []os.FileInfo{
		fs["/terraform/aarch64"].(os.FileInfo),
		fs["/terraform/x86_64"].(os.FileInfo),
	}
	fs["/terraform/aarch64"].(*vfsgen۰DirInfo).entries = []os.FileInfo{
		fs["/terraform/aarch64/generalos"].(os.FileInfo),
		fs["/terraform/aarch64/nestos"].(os.FileInfo),
	}
	fs["/terraform/aarch64/generalos"].(*vfsgen۰DirInfo).entries = []os.FileInfo{
		fs["/terraform/aarch64/generalos/libvirt"].(os.FileInfo),
		fs["/terraform/aarch64/generalos/openstack"].(os.FileInfo),
	}
	fs["/terraform/aarch64/generalos/libvirt"].(*vfsgen۰DirInfo).entries = []os.FileInfo{
		fs["/terraform/aarch64/generalos/libvirt/master.tf.template"].(os.FileInfo),
		fs["/terraform/aarch64/generalos/libvirt/worker.tf.template"].(os.FileInfo),
	}
	fs["/terraform/aarch64/generalos/openstack"].(*vfsgen۰DirInfo).entries = []os.FileInfo{
		fs["/terraform/aarch64/generalos/openstack/master.tf.template"].(os.FileInfo),
		fs["/terraform/aarch64/generalos/openstack/worker.tf.template"].(os.FileInfo),
	}
	fs["/terraform/aarch64/nestos"].(*vfsgen۰DirInfo).entries = []os.FileInfo{
		fs["/terraform/aarch64/nestos/libvirt"].(os.FileInfo),
		fs["/terraform/aarch64/nestos/openstack"].(os.FileInfo),
	}
	fs["/terraform/aarch64/nestos/libvirt"].(*vfsgen۰DirInfo).entries = []os.FileInfo{
		fs["/terraform/aarch64/nestos/libvirt/master.tf.template"].(os.FileInfo),
		fs["/terraform/aarch64/nestos/libvirt/worker.tf.template"].(os.FileInfo),
	}
	fs["/terraform/aarch64/nestos/openstack"].(*vfsgen۰DirInfo).entries = []os.FileInfo{
		fs["/terraform/aarch64/nestos/openstack/master.tf.template"].(os.FileInfo),
		fs["/terraform/aarch64/nestos/openstack/worker.tf.template"].(os.FileInfo),
	}
	fs["/terraform/x86_64"].(*vfsgen۰DirInfo).entries = []os.FileInfo{
		fs["/terraform/x86_64/generalos"].(os.FileInfo),
		fs["/terraform/x86_64/nestos"].(os.FileInfo),
	}
	fs["/terraform/x86_64/generalos"].(*vfsgen۰DirInfo).entries = []os.FileInfo{
		fs["/terraform/x86_64/generalos/libvirt"].(os.FileInfo),
		fs["/terraform/x86_64/generalos/openstack"].(os.FileInfo),
	}
	fs["/terraform/x86_64/generalos/libvirt"].(*vfsgen۰DirInfo).entries = []os.FileInfo{
		fs["/terraform/x86_64/generalos/libvirt/master.tf.template"].(os.FileInfo),
		fs["/terraform/x86_64/generalos/libvirt/worker.tf.template"].(os.FileInfo),
	}
	fs["/terraform/x86_64/generalos/openstack"].(*vfsgen۰DirInfo).entries = []os.FileInfo{
		fs["/terraform/x86_64/generalos/openstack/master.tf.template"].(os.FileInfo),
		fs["/terraform/x86_64/generalos/openstack/worker.tf.template"].(os.FileInfo),
	}
	fs["/terraform/x86_64/nestos"].(*vfsgen۰DirInfo).entries = []os.FileInfo{
		fs["/terraform/x86_64/nestos/libvirt"].(os.FileInfo),
		fs["/terraform/x86_64/nestos/openstack"].(os.FileInfo),
	}
	fs["/terraform/x86_64/nestos/libvirt"].(*vfsgen۰DirInfo).entries = []os.FileInfo{
		fs["/terraform/x86_64/nestos/libvirt/master.tf.template"].(os.FileInfo),
		fs["/terraform/x86_64/nestos/libvirt/worker.tf.template"].(os.FileInfo),
	}
	fs["/terraform/x86_64/nestos/openstack"].(*vfsgen۰DirInfo).entries = []os.FileInfo{
		fs["/terraform/x86_64/nestos/openstack/master.tf.template"].(os.FileInfo),
		fs["/terraform/x86_64/nestos/openstack/worker.tf.template"].(os.FileInfo),
	}

	return fs
}()

type vfsgen۰FS map[string]interface{}

func (fs vfsgen۰FS) Open(path string) (http.File, error) {
	path = pathpkg.Clean("/" + path)
	f, ok := fs[path]
	if !ok {
		return nil, &os.PathError{Op: "open", Path: path, Err: os.ErrNotExist}
	}

	switch f := f.(type) {
	case *vfsgen۰CompressedFileInfo:
		gr, err := gzip.NewReader(bytes.NewReader(f.compressedContent))
		if err != nil {
			// This should never happen because we generate the gzip bytes such that they are always valid.
			panic("unexpected error reading own gzip compressed bytes: " + err.Error())
		}
		return &vfsgen۰CompressedFile{
			vfsgen۰CompressedFileInfo: f,
			gr:                        gr,
		}, nil
	case *vfsgen۰FileInfo:
		return &vfsgen۰File{
			vfsgen۰FileInfo: f,
			Reader:          bytes.NewReader(f.content),
		}, nil
	case *vfsgen۰DirInfo:
		return &vfsgen۰Dir{
			vfsgen۰DirInfo: f,
		}, nil
	default:
		// This should never happen because we generate only the above types.
		panic(fmt.Sprintf("unexpected type %T", f))
	}
}

// vfsgen۰CompressedFileInfo is a static definition of a gzip compressed file.
type vfsgen۰CompressedFileInfo struct {
	name              string
	modTime           time.Time
	compressedContent []byte
	uncompressedSize  int64
}

func (f *vfsgen۰CompressedFileInfo) Readdir(count int) ([]os.FileInfo, error) {
	return nil, fmt.Errorf("cannot Readdir from file %s", f.name)
}
func (f *vfsgen۰CompressedFileInfo) Stat() (os.FileInfo, error) { return f, nil }

func (f *vfsgen۰CompressedFileInfo) GzipBytes() []byte {
	return f.compressedContent
}

func (f *vfsgen۰CompressedFileInfo) Name() string       { return f.name }
func (f *vfsgen۰CompressedFileInfo) Size() int64        { return f.uncompressedSize }
func (f *vfsgen۰CompressedFileInfo) Mode() os.FileMode  { return 0444 }
func (f *vfsgen۰CompressedFileInfo) ModTime() time.Time { return f.modTime }
func (f *vfsgen۰CompressedFileInfo) IsDir() bool        { return false }
func (f *vfsgen۰CompressedFileInfo) Sys() interface{}   { return nil }

// vfsgen۰CompressedFile is an opened compressedFile instance.
type vfsgen۰CompressedFile struct {
	*vfsgen۰CompressedFileInfo
	gr      *gzip.Reader
	grPos   int64 // Actual gr uncompressed position.
	seekPos int64 // Seek uncompressed position.
}

func (f *vfsgen۰CompressedFile) Read(p []byte) (n int, err error) {
	if f.grPos > f.seekPos {
		// Rewind to beginning.
		err = f.gr.Reset(bytes.NewReader(f.compressedContent))
		if err != nil {
			return 0, err
		}
		f.grPos = 0
	}
	if f.grPos < f.seekPos {
		// Fast-forward.
		_, err = io.CopyN(io.Discard, f.gr, f.seekPos-f.grPos)
		if err != nil {
			return 0, err
		}
		f.grPos = f.seekPos
	}
	n, err = f.gr.Read(p)
	f.grPos += int64(n)
	f.seekPos = f.grPos
	return n, err
}
func (f *vfsgen۰CompressedFile) Seek(offset int64, whence int) (int64, error) {
	switch whence {
	case io.SeekStart:
		f.seekPos = 0 + offset
	case io.SeekCurrent:
		f.seekPos += offset
	case io.SeekEnd:
		f.seekPos = f.uncompressedSize + offset
	default:
		panic(fmt.Errorf("invalid whence value: %v", whence))
	}
	return f.seekPos, nil
}
func (f *vfsgen۰CompressedFile) Close() error {
	return f.gr.Close()
}

// vfsgen۰FileInfo is a static definition of an uncompressed file (because it's not worth gzip compressing).
type vfsgen۰FileInfo struct {
	name    string
	modTime time.Time
	content []byte
}

func (f *vfsgen۰FileInfo) Readdir(count int) ([]os.FileInfo, error) {
	return nil, fmt.Errorf("cannot Readdir from file %s", f.name)
}
func (f *vfsgen۰FileInfo) Stat() (os.FileInfo, error) { return f, nil }

func (f *vfsgen۰FileInfo) NotWorthGzipCompressing() {}

func (f *vfsgen۰FileInfo) Name() string       { return f.name }
func (f *vfsgen۰FileInfo) Size() int64        { return int64(len(f.content)) }
func (f *vfsgen۰FileInfo) Mode() os.FileMode  { return 0444 }
func (f *vfsgen۰FileInfo) ModTime() time.Time { return f.modTime }
func (f *vfsgen۰FileInfo) IsDir() bool        { return false }
func (f *vfsgen۰FileInfo) Sys() interface{}   { return nil }

// vfsgen۰File is an opened file instance.
type vfsgen۰File struct {
	*vfsgen۰FileInfo
	*bytes.Reader
}

func (f *vfsgen۰File) Close() error {
	return nil
}

// vfsgen۰DirInfo is a static definition of a directory.
type vfsgen۰DirInfo struct {
	name    string
	modTime time.Time
	entries []os.FileInfo
}

func (d *vfsgen۰DirInfo) Read([]byte) (int, error) {
	return 0, fmt.Errorf("cannot Read from directory %s", d.name)
}
func (d *vfsgen۰DirInfo) Close() error               { return nil }
func (d *vfsgen۰DirInfo) Stat() (os.FileInfo, error) { return d, nil }

func (d *vfsgen۰DirInfo) Name() string       { return d.name }
func (d *vfsgen۰DirInfo) Size() int64        { return 0 }
func (d *vfsgen۰DirInfo) Mode() os.FileMode  { return 0755 | os.ModeDir }
func (d *vfsgen۰DirInfo) ModTime() time.Time { return d.modTime }
func (d *vfsgen۰DirInfo) IsDir() bool        { return true }
func (d *vfsgen۰DirInfo) Sys() interface{}   { return nil }

// vfsgen۰Dir is an opened dir instance.
type vfsgen۰Dir struct {
	*vfsgen۰DirInfo
	pos int // Position within entries for Seek and Readdir.
}

func (d *vfsgen۰Dir) Seek(offset int64, whence int) (int64, error) {
	if offset == 0 && whence == io.SeekStart {
		d.pos = 0
		return 0, nil
	}
	return 0, fmt.Errorf("unsupported Seek in directory %s", d.name)
}

func (d *vfsgen۰Dir) Readdir(count int) ([]os.FileInfo, error) {
	if d.pos >= len(d.entries) && count > 0 {
		return nil, io.EOF
	}
	if count <= 0 || count > len(d.entries)-d.pos {
		count = len(d.entries) - d.pos
	}
	e := d.entries[d.pos : d.pos+count]
	d.pos += count
	return e, nil
}
